"Years","H1","H2","H3","H4","H5","H6","H7","H8","H9","H10","H11","H12","H13","H14","H15","H16","H17","H18","H19","H20","H21","H22","H23","H24","H25","H26","H27","H28","H29","H30","H31","H32","H33","H34","H35","H36","H37","H38","H39","H40","H41","H42","H43","H44","H45","H46","H47","H48"
2006,35.8390423557731,43.1772087415201,50.1021879005084,54.003213746551,57.4440278403649,61.5456395213362,66.2706922813958,71.8338629068496,72.398105910835,71.6663702567541,78.1459181195608,80.3501818023648,82.5492785488576,85.6561926181916,84.1484884012271,90.2498170694565,92.0107313452355,92.4332874146203,92.550279128637,93.391443501871,99.6434047921829,95.868884656732,95.7734126355873,100.059513890831,104.05641417625,96.8473277454401,105.697774726014,102.675299963488,103.979716142195,103.703016589102,105.750098816207,104.68161092452,108.619367036104,106.58381114238,109.519136008752,111.468501836755,114.331317021953,108.471276890254,110.721091409411,113.498209634377,114.599081131901,115.132461815212,113.587840210896,116.381988390968,108.616140059723,109.902676017708,114.181638755621,117.330841579643
2007,36.3838455600443,43.8015848818739,50.7280400548678,54.720569481999,58.1584300597622,62.1652985489345,67.1050663923987,72.7548097073258,73.2555883804806,72.6022900280585,78.9445106887293,81.3208262075517,83.5798181129313,86.8377725949571,85.2083051700506,91.4238454130396,93.261270222431,93.6723138476071,93.7461030544476,94.7657437974311,101.011916785819,97.0420586714116,96.9977804286389,101.328908189693,105.513882424253,98.1434717609532,107.175767585822,104.043992112375,105.443814031542,105.311375733659,107.029128352084,105.933494429826,109.969783099418,108.087915652008,110.976069136457,112.829241379349,115.873476254938,109.910118866847,112.204263962809,115.04288625623,116.196345823274,116.590799175133,114.909655752553,117.911584665831,110.010581249965,111.339368438406,115.867343440203,118.712358638592
2008,28.8050816689806,35.9830771841893,43.1638210409687,46.2584265715062,50.0023273690682,55.1820725086458,57.2421193404385,61.7560387068561,63.1833416330588,61.6256512514077,69.6926170082915,69.8012929635995,71.2774781631989,72.2850386283561,72.6369483609647,77.3851506494636,78.2162939134785,78.5216228915409,79.2836806687977,78.1899235253689,83.9136556922917,82.7633547412596,82.2818456511942,86.0683564820706,87.3850846737658,82.5434914721332,88.6380315298241,87.5100374805427,87.6234457853974,85.4246643427813,91.4454267935066,91.1030850439958,93.5329500436386,89.6987602710709,93.1855968357116,96.6555547455099,97.0846698996911,92.7240414405772,94.5263158158864,96.3840887539793,96.9558450304129,98.8857919691175,99.0474810171769,99.4731760534453,93.3615540592607,94.3468429940578,95.6833169969551,102.084740213154
2009,51.0395579220278,65.0871011111947,74.4602109140975,83.7653354632307,89.359446541076,89.7121187802071,100.675935657658,108.853098655708,108.201713190732,111.033353566125,112.052081202119,119.886902439557,123.99698088668,128.854330801482,127.474833382993,137.263465207142,141.105464274389,138.660136448677,138.675457939937,146.954915545292,147.692096559874,140.189858475432,143.932974571164,149.928964303547,155.84817086855,147.632608869604,157.06241018438,155.645502716534,159.366943599327,161.876919115102,153.872797933683,155.857835902753,159.597388841719,162.719256334679,164.041389897648,166.738599050766,172.432775336397,166.228513775489,170.689186456437,173.268978410092,176.973980262846,170.613445682534,165.693209669436,175.918646002016,164.63761056419,169.104016943808,181.377985860736,171.267674725515
2010,36.6095309168825,44.0633023911291,50.9915133246893,55.0234142945392,58.4611030778281,62.4281476262206,67.457223896866,73.1430551299642,73.6177384341561,72.9976594443692,79.2822191166714,81.7302982761935,84.0142819802896,87.3339985060144,85.6554382131857,91.9187082961272,93.7879807600659,94.1931175703063,94.2494293442797,95.3444068881949,101.585647798103,97.5354526839115,97.5135194967619,101.863594253645,106.125233468501,98.689356791929,107.795111658411,104.62016026398,106.059573859786,105.986519920077,107.566962511477,106.46170940234,110.53770932412,108.720151838805,111.588559562535,113.40318744806,116.521975392075,110.516676882913,112.82967951366,115.693138653508,116.868973803995,117.204306662982,115.466524838046,118.555647782296,110.598446091523,111.945710449109,116.577764916349,119.294163243123
2011,38.3855277973657,46.1872110774861,53.1546456767973,57.5283379970669,60.9878049106721,64.6288684966121,70.3680608193262,76.34242001995,76.6162352767205,76.2733654844674,82.0870250466614,85.1104369848427,87.5948590517976,91.3813441221875,89.347518519167,95.9950086232414,98.1176492792601,98.4508021717253,98.3792882898018,100.097315885013,106.243361255892,101.574929642687,101.754080638597,106.259481598048,111.095426201399,103.175853340284,112.816968083381,109.349478878521,111.101285455601,111.486316309813,111.968488240648,110.824180631803,115.187149815673,113.889064429092,116.597783170386,118.139151367602,121.829656929199,115.514613456575,117.986806405369,121.030565030572,122.395379068482,122.231195619126,120.046929452253,123.845757122782,115.442868372124,116.956946274148,122.427045074177,124.074847528546
2012,28.2461494498588,35.474459001093,42.6921327995312,45.747357286048,49.5326702781241,54.7888210248137,56.6448858041298,61.0806606708062,62.5790905980442,60.968083842327,69.1500561292347,69.1002625557496,70.5225734350468,71.3578135291726,71.8721022354365,76.5217665020538,77.2842134104362,77.5647194827492,78.3822373881711,77.1596934712589,82.8055964622561,81.8668210973051,81.371427012078,85.1240790528083,86.2164767968553,81.5766798261287,87.4310995593639,86.4809384113909,86.504097611865,84.1515267343364,90.4658697918884,90.2029375794065,92.5009523360455,88.5375475298327,92.0640723935134,95.6690892145232,95.9033920403742,91.6687235876944,93.4435260910229,95.222878451981,95.7623082120058,97.7775714913233,98.0685722636116,98.3286779243366,92.3398235206137,93.3169179542836,94.4399417276961,101.054972940205
2013,29.7327364791237,36.8462790488393,43.9700226870175,47.1369336800414,50.8169828227097,55.8674059598813,58.2682836004152,62.9135169154162,64.2234375690792,62.7576911254381,70.6309465419741,71.0047884909995,72.5714350302207,73.86446439279,73.9499691456514,78.8644458412872,79.8113677353846,80.1540239570375,80.8248472828819,79.9519720421387,85.7957830617347,84.2943469572632,83.8402754306043,87.6847249808655,89.3718441444,84.1979403977454,90.686485116913,89.2698734860362,89.5346952315253,87.5915463136425,93.1179386741268,92.6491962925566,95.2953150731158,91.679764136778,95.0994938735318,98.3483358898673,99.1014343514243,94.5327087643476,96.3828172994939,98.3699026295161,98.9979969141431,100.779281650655,100.724001145476,101.431297356481,95.1128631806219,96.1161046541353,97.8130767673127,103.847349972629
2014,5.38968368897311,20.1762217102429,29.6862511015565,32.9226032128628,39.7994577491226,47.7061797882228,41.5656721551637,43.2342093364707,47.8958492855697,44.9384666096386,57.4836479268268,51.1930754027812,50.6422290571932,44.9616591635566,52.258038277013,53.6193794480164,52.188345506221,50.8479741746981,53.8833792354953,49.1797755950728,50.1991787929942,57.2220449471049,56.9997653786242,59.8650981416514,52.2079457912463,55.5662767165702,51.5619631346094,58.5998196974545,55.5817769620504,47.5120332692758,63.5335779387708,67.4471691738226,64.169478702118,56.1315784406467,60.9467663599867,70.240235074749,63.3018123824423,63.8211473831931,64.9996658053168,63.7879141332241,63.6235657882874,67.5367409386464,72.1734644895466,67.5556442456519,65.4482128997179,67.1825367922851,61.3132629966389,73.6285389307616
2015,56.7471548734947,76.0856340901985,88.7160516165799,102.780349485866,111.677299482663,109.618297253694,122.467855110906,131.523239528063,131.193035280948,136.629251813792,133.950881313827,144.475103526934,149.38930117209,151.759775752838,154.607092274437,165.886100046737,170.076494986814,163.899325037186,165.150636102979,178.219562302563,171.727435000486,164.822745067784,172.420183553783,179.361285971516,182.197674100946,177.497351542269,182.393835988089,186.194848835078,190.234955177355,192.252354740266,180.438378829622,187.809555720744,187.883171333783,193.376353506141,193.919442251082,201.014594594398,204.591036607897,201.486484264338,207.718643790569,207.718888817687,213.44048241696,201.756004313801,196.566092075048,210.53255472244,198.875148111954,206.58511887099,221.959242328298,202.745369823574
2016,49.3066319962919,62.0698202222128,70.7991089475114,79.0671967304926,84.0595785203137,84.9989900887031,95.2706851824998,103.146190542199,102.530856474541,104.757723003675,106.648708989187,113.736481218884,117.605633013797,122.706600911162,120.71119683624,130.038506862831,133.68622162819,131.969450647118,131.809653133596,138.90855492237,141.083905109412,133.709400967531,136.645144491325,142.391210283645,148.653030744453,139.971915403896,150.058282207298,147.739431937028,151.256421757454,153.671591703617,146.862496960447,147.877991449272,152.149810858287,154.592772339162,156.132427709965,158.155738638029,163.956814529571,157.33798678032,161.401818757458,164.350321536998,167.59375801808,162.454993576758,157.799366569041,166.992045920301,156.008970698146,159.805962718187,171.093602894196,163.163131931667
2017,24.1607252460925,32.0018278348191,39.5379499599387,42.3904429473094,46.5389883456982,52.3242223541294,52.7167715791309,56.6022060958144,58.6287587433392,56.670082208023,65.6616205460346,64.4778089870514,65.5192620089128,65.0982891759615,66.8276268751739,70.7920297587601,71.0766941594935,71.1333959912516,72.3625801571858,70.2866214459794,75.2631569526977,75.8603242797899,75.3137422520111,78.8411618019159,78.2830185078072,75.1375609130044,79.1963524068024,79.6137048955685,79.0008110388458,75.5357423284399,83.9007091511293,84.277513178238,85.5877261731784,80.7338591775873,84.5347710766726,89.1550616206701,87.9832519997068,84.67172909764,86.2727196199342,87.4748957807994,87.8102994636925,90.3646996777684,91.5666495547132,90.7028028464037,85.56822427122,86.5381468142679,86.18130552859,94.2038164614046
2018,47.6741786874944,59.3594455095488,67.597619094688,75.0215308225586,79.5669309225837,81.0100827515342,90.6089501332589,98.1952299681965,97.6514561829536,99.3701170223735,102.002450747964,108.414808020215,112.06122052991,117.235826029119,114.866324568543,123.764076777213,127.207220368193,126.04585454097,125.784351787483,131.868374768223,135.143505481955,127.989699860438,130.283482629912,135.808703656151,142.203858580797,133.277867281755,143.746546385007,140.807026899701,144.1016633098,146.350236655761,140.667682062184,140.977984816363,145.574526498251,147.398298223911,149.134607387649,150.725886563276,156.470442932068,149.62065651238,153.356473162288,156.529122747543,159.388573080382,155.266765730714,150.910437416541,159.175816480624,148.520436892729,151.786413601081,162.149396014485,156.071271588296
2019,33.2257973732693,40.3229493588629,47.2895828436612,50.8157986817376,54.3163589744696,58.8473431670792,62.5596272602548,67.7182732074792,68.5949096469069,67.5188014309186,74.6241125980422,76.0247030110078,77.9447496365529,80.2962886807095,79.4271674696294,85.0001106069647,86.4022145865626,86.8321290565097,87.1731634921063,87.2204697783649,93.3926424525448,90.5770588163844,90.2845900101787,94.3681039972589,97.4134510273703,91.0329741869921,98.9345404540331,96.524295395868,97.3759124349641,96.3935698906835,99.9776067918387,99.1073232358497,102.52776035765,99.784836424969,102.937054017143,105.400600205338,107.371801351083,102.040700463225,104.099356280106,106.556433720259,107.430822613626,108.562208928022,107.666044507482,109.514745297518,102.385100531391,103.511179013339,106.639089069611,111.132611430312
2020,40.9743890832458,49.4970592910847,56.6152582377729,61.6015934645832,65.1771921639417,68.2979826055644,75.0942180746949,81.5029181005163,81.5016970377531,81.6190901453762,86.683276497634,90.5823132043105,93.3712930818048,97.7586870753633,95.3288246141158,102.563957867148,105.061907228243,105.194608434686,104.975057440858,107.706710963165,113.505757554318,107.993786002786,108.559009197318,113.311804259166,118.869743589456,110.368522110673,120.625798769356,116.909034351935,119.114795986754,120.128184673036,118.955910156932,117.893400257876,122.574173530497,122.076996189275,124.538638126255,125.799664631135,130.257890512641,123.574138080103,126.317211001307,129.562030330083,131.248495499138,130.233393355153,127.402306339234,132.314057717919,123.256563874143,125.09154668813,131.843361326473,131.734103923889
2021,29.0068750314496,36.168807909089,43.3366841824506,46.4462684903693,50.1757532738235,55.3276396334855,57.4615811648747,62.0038920951203,63.405588592574,61.8675255124013,69.8926635511286,70.0587864557409,71.5545370606225,72.6242651742815,72.9178774427623,77.7019566883045,78.5580984038035,78.8719713047962,79.6140905843515,78.5676125080756,84.3184602726471,83.0917726427286,82.6157535660863,86.414680734903,87.8122041563603,82.8980261761012,89.0787804072997,87.8872833910517,88.0334576266757,85.8902504390898,91.8042304131172,91.4338016893236,93.9109962327313,90.1239192419543,93.5962907502759,97.0178094603479,97.5173425850023,93.1113317173107,94.9237691993383,96.8097703343297,97.3934911356278,99.2918644132784,99.4066030242004,99.8928280810507,93.7365409040553,94.7252643321524,96.1394897099956,102.462410388853
2022,35.1728929887332,42.4277927784219,49.3560348753884,53.1517403220893,56.6008547683847,60.8157356410644,65.279933033175,70.7382966524996,71.3809865770678,70.5566009680696,77.2006383279694,79.1967349489034,81.323419571977,84.2422333268803,82.8892528669214,88.8528546833057,90.520968990031,90.9525896841883,91.1242171609048,91.7534745070273,98.0013055452017,94.4680861014607,94.3150610917339,98.5474489870548,102.309029861239,95.3030924967477,103.923032031639,101.043444369895,102.231595919866,101.776940927639,104.2225646466,103.194412440035,107.00690029191,104.786383144095,107.778449849149,109.851085380491,112.489600015463,106.759547845165,108.957363437953,111.656541022325,112.695754403634,113.391987509848,112.013798617839,114.559003030977,106.957343271521,108.196562414636,112.175325608173,115.684759746415
2023,6.05823602505432,20.5131814893396,29.9470976723576,33.1423012128771,39.8950263239217,47.7277559207323,41.8265100830667,43.5696260421719,48.1291689186558,45.1968679683901,57.6093068362564,51.5085156926828,51.0133401061533,45.502722259671,52.6074691269923,54.0522916598635,52.6715668571836,51.3828999972414,54.3587206621256,49.7255896447361,50.8899230323657,57.704630137525,57.4640666153537,60.3451936717497,52.9199807706568,56.0656952826101,52.3297963029893,59.138600816748,56.1938393146828,48.2727943815011,64.059709440173,67.839549857613,64.7225333966817,56.779970488721,61.5634814418962,70.6964995672349,63.9441240541247,64.3427317576142,65.5297556764423,64.394351403899,64.2405700648546,68.1230058961807,72.6552947923308,68.1433693769507,65.9493636344566,67.639710415105,61.9437016219745,74.1430347625037
2024,42.1080883532992,51.0304521135816,58.2560662579577,63.5599428057611,67.2236598647346,70.0972657968215,77.3634779414929,83.9670269079793,83.8539345434795,84.1968640668284,88.904996061597,93.2027672951931,96.1298610026369,100.741184589607,98.195381062238,105.698052353067,108.361020346377,108.36290219979,108.096643824902,111.316138483409,116.870973822843,111.017845557886,111.793298055436,116.662812788974,122.482175338426,113.784229816783,124.23565346144,120.489401514543,122.891237058102,124.15993812252,122.244891620139,121.281526894145,126.053808433424,125.924063182392,128.271902757567,129.465922054334,134.226223179713,127.421477876642,130.299969435836,133.602598409374,135.449756881813,134.00927942928,130.899958263754,136.329875059401,126.987220025387,128.996760790623,136.331700836704,135.368704501305
2025,50.5150577282554,64.1584230230532,73.3223230876099,82.2969853765954,87.6936553958315,88.2299778379878,98.9875255263311,107.07424704916,106.428869430551,109.069817978974,110.362629575023,117.968003597112,122.004748510224,126.955760296292,125.363626432696,135.012291054327,138.798452439037,136.590062385681,136.54437748138,144.454662118843,145.658773904231,138.182573109033,141.666492181986,147.585110037687,153.631918389719,145.251068411391,154.909150641492,153.190789745702,156.854286150345,159.345362296343,151.702356351169,153.367582806229,157.290805480743,160.204918259451,161.593841210828,164.06123295308,169.808091762823,163.457929551384,167.792763404123,170.499997947281,174.059005622358,168.084825218109,163.23804913902,173.145658178696,161.948444789879,166.199691007417,178.175265615395,168.749465173094
2026,37.5603139070261,45.1859704021556,52.1293597839282,56.3369741545845,59.781042512274,63.5764365899729,68.9840736671029,74.8233749917804,75.1894785446661,74.7142189960733,80.7506071870588,83.5042946752598,85.8947432536279,89.4688913577197,87.5929086240174,94.0599629940376,96.0643121390185,96.4367780478061,96.4223937901315,97.8440982499305,104.047302396859,99.6628326681489,99.7427694916375,104.174603687177,108.750475149808,101.048319428161,110.450577595001,107.108142996161,108.714677248097,108.889061461212,109.88541492302,108.750804764421,112.986381753843,111.443946641999,114.227825574438,115.889165913124,119.317616588964,113.141719235999,115.537487962199,118.501033101528,119.77510574649,119.85081689781,117.874078293789,121.337882201944,113.142747954845,114.574432834195,119.65093697136,121.808055793789
2027,35.3504273544179,42.6260256876745,49.5528713701813,53.3759575381572,56.8223698052881,61.0073331630404,65.5408696469467,71.0270522518108,71.6487485200598,70.8487130626873,77.4492687729604,79.5006118387299,81.6465072784133,84.6157947200565,83.2209819256895,89.2210833913831,90.913845743953,91.3435696180168,91.5004515682706,92.1855181281979,98.4356137620349,94.837840186786,94.6996289178094,98.9461894769819,102.771029291267,95.7103495875493,104.392558342499,101.473934734988,102.693024711052,102.28595069305,104.625807588114,103.586167385895,107.432529788982,105.2609905812,108.23803465242,110.277239919793,112.975775209556,107.210710833477,109.422153719608,112.142379824647,113.197748792041,113.851315261667,112.428832023464,115.039838135437,107.394542815616,108.645918206276,112.704228940408,116.118888530654
2028,24.5026690162409,32.2768192304613,39.7834992273079,42.64770250451,46.7620545674571,52.5047394006871,53.0181488316773,56.9483195747412,58.9301438668173,56.9979911564562,65.9234862529186,64.8332220673568,65.9057569390325,65.5892440738476,67.2156165072528,71.2351522298927,71.5581754590043,71.6359711577926,72.8304911101397,70.8205227839423,75.8587260995799,76.3284293823984,75.7832051801986,79.328061130167,78.9081011640401,75.6370035009462,79.8478392861129,80.1471814643591,79.5858917969341,76.2128860308019,84.4124796905221,84.7324053517822,86.1264234212147,81.3436260956318,85.1225654623553,89.65658810043,88.6008986343511,85.212409481731,86.8263058274497,88.0767297347732,88.4272546328866,90.9416299616055,92.0697058122903,91.2944468368162,86.0912935365157,87.0585868865736,86.820483796462,94.7346226391911
2029,55.0411706019539,72.624396234609,84.0706818360601,96.458266553862,104.105233992463,102.855926260473,115.23705622622,124.058510767372,123.542644861253,128.08535847333,126.669107708621,136.352450345296,141.02767232083,144.469097954589,145.627601419617,156.474956663503,160.623702101314,155.813337339842,156.569538262198,168.045265222694,164.173159391634,156.899296194962,163.120157304247,169.758294938786,173.886475990206,167.761519543839,174.455708921104,176.282628279323,180.299333503229,182.616762826629,171.907186831036,177.24612881158,178.7888463172,183.554480373099,184.340207355681,189.697532194396,194.257321064604,189.887652159833,195.502400545399,196.54332825556,201.570406894343,191.716482503697,186.4844893407,199.280833237383,187.608746141455,194.149363904854,208.645171002782,192.504174532978
2030,50.6018466684063,64.3111597881743,73.5087882736704,82.5371008984994,87.965478913988,88.4717881320654,99.2636847812275,107.365431641413,106.718749084642,109.390777006155,110.638863836905,118.282002544146,122.33085952712,127.2676240666,125.709032254867,135.380844209658,139.176437082864,136.929863821057,136.893773569336,144.864416308323,145.993225171823,138.511929709267,142.037815918373,147.969131700451,153.996317474349,145.641297993517,155.263444410944,153.593200635797,157.26653571705,159.761351369454,152.058542742855,153.775039716375,157.669287352913,160.617643491443,161.995571848227,164.499370372756,170.238794387748,163.911491287795,168.266791436059,170.953935836172,174.536711541039,168.499625769726,163.640271859662,173.600158198162,162.388665764085,166.674731095776,178.699709105769,169.162170190549
2031,56.8408116016133,76.2800015496981,88.9813970565617,103.145157871193,112.118818203724,110.012826991766,122.884674354525,131.951872503654,131.634667402429,137.123267875274,134.370994102333,144.942272070778,149.869451481181,152.171388949033,155.124033207907,166.426096607481,170.616755595741,164.357283009827,165.639436652106,178.800281127381,172.151371832855,165.27238089094,172.951862332959,179.910121938404,182.664871855204,178.053539874745,182.838698452748,186.759770943018,190.798956920611,192.795467078758,180.922110653335,188.417337385731,188.399131926775,193.932624299178,194.462162439019,201.665322773415,205.177153221976,202.152171020001,208.420790122169,208.355742523135,214.118069910268,202.326337368457,197.142530800654,211.17440625259,199.521855319053,207.301949830834,222.722302387389,203.329837274809
2032,45.1250264664284,55.3746575556384,63.036595052243,69.3604262842847,73.396047703446,75.5438110201604,84.0741301881806,91.2068720340412,90.830987013703,91.8582575398059,95.5175076903586,100.92710307529,104.235824322077,109.28355502433,106.653873414555,114.897188948616,117.993372125954,117.487102414593,117.167261493931,121.834367851566,126.403909384262,119.755621206271,121.240824318641,126.447892895004,132.748974419718,123.751514556885,134.433197154404,130.902399494963,133.807630834461,135.674237158448,131.737326457426,131.277470085489,136.105632938859,137.003976813258,139.031497570623,140.26569936535,145.684103039659,138.720905264812,142.019691509784,145.353336986736,147.698098511565,144.939739157267,141.121630235478,148.026818889946,137.946181827509,140.543661924238,149.489734684539,145.963170329168
2033,46.3771335704096,57.2948907456508,65.213132899644,72.0467380283002,76.3069736872602,78.1202373333616,87.1767739633722,94.5320841015605,94.066271155616,95.4187369589256,98.5917958233434,104.486275973069,107.959214651451,113.102010874659,110.555900927209,119.117781847733,122.387648495003,121.589061593088,121.284095573642,126.623063627923,130.616210110802,123.697488109291,125.552806457824,130.912199797893,137.301032958085,128.295804031052,138.926182671605,135.632900008852,138.734784323048,140.805610512093,136.014328911614,135.887249316625,140.639082606839,141.985559715602,143.872439942966,145.238770049282,150.849128081767,143.908174220136,147.411097980761,150.691125614612,153.276702243016,149.880394625027,145.788874475563,153.348894840141,142.978197524888,145.881725553669,155.518541065557,150.787212271125
2034,39.4132597688882,47.4700009483261,54.4828162830621,59.0822832100478,62.5748437453056,66.0162336240433,72.1721057812167,78.3170141103416,78.4787826749289,78.3101029616628,83.8359741347858,87.2014591461737,89.8049983452004,93.8430380883566,91.6325303446802,98.5093912114218,100.780445512887,101.048927158507,100.912515205898,103.017113390833,109.057637828268,104.044921148412,104.362960975611,108.963489987951,114.104542767176,105.934371654266,115.846037455519,112.2519516464,114.184560407032,114.825566462553,114.658258532662,113.524644276028,118.029867746128,117.043441515495,119.656158006894,121.067375985013,125.073691827569,118.598802710154,121.172598567789,124.306228772315,125.791699874861,125.308417774198,122.866182522684,127.095388494239,118.432748774645,120.062278008085,126.032732254747,127.013138528568
2035,18.5496332043978,27.8499799213986,35.9197273705428,38.6944854453094,43.4906021435169,49.9413561262772,48.3795956182412,51.5604474551713,54.3345949628509,51.9951189710517,62.0445586012355,59.3464650578653,59.8941864892185,57.7951192012469,61.2208014382334,64.3303613878837,64.0262257495832,63.6976102971941,65.4919497144364,62.4501740920385,66.3201398663452,68.9637334055566,68.4495706661901,71.7232312763262,68.9260052306866,67.825249623235,69.3865365170985,71.7871195244369,70.3703222614214,65.4325037626887,76.3596845860852,77.7277568801859,77.6535759377348,71.7132485746809,75.8525027368924,81.8969403535304,78.8737294779081,76.7984053792994,78.2218814473435,78.6472395469412,78.7748570334385,81.881940122997,84.2337711916434,82.0406289460782,77.9564566604877,79.0388057698997,76.8497072317709,86.4514929394563
2036,29.4645105561451,36.5942098226038,43.7338599817572,46.8789496465113,50.5768195165445,55.6649690284474,57.9669970765559,62.5740515679552,63.9178243575636,62.4250373530546,70.354684335519,70.6515673121857,72.1919202658966,73.4025017465722,73.5646045907705,78.4306484925591,79.3438682853956,79.6762533705266,80.373340783362,79.4356610117788,85.2459747515927,83.8460539894341,83.3834623300148,87.2109318876101,88.791239299975,83.7130474972439,90.0882986231146,88.7542502778239,88.975086443891,86.9579880836995,92.628241699252,92.1953201878584,94.7792684837415,91.0999559068061,94.5392504955166,97.8516039694614,98.5109626911434,94.002258437329,95.8382401209264,97.7880619409173,98.3995113228797,100.224715474814,100.232466678683,100.857456441666,94.5992091642875,95.5966849904677,97.1886105177663,103.330706748908
2037,53.7830727788878,70.1675243413652,80.8633036803351,92.1642946831671,99.0481004175091,98.3440009112134,110.317765061588,118.948059396738,118.349893655688,122.301282187403,121.722865117524,130.806223060578,135.303500434028,139.339488384437,139.50562205819,150.024297676565,154.10358849671,150.153365800494,150.618647063527,161.012396033971,158.805416563856,151.370776630523,156.708290077381,163.134400075802,167.997186453429,161.041355645076,168.802339701915,169.414513974676,173.37047400516,175.819197916924,165.946829744634,170.037866056316,172.441019862748,176.679466662739,177.638885994681,181.966895051392,187.041229866321,181.940751422294,187.152039597134,188.798543744408,193.36694440111,184.723803097301,179.535279958234,191.496143664661,179.891474511587,185.688505397307,199.5027366313,185.423681734096
2038,51.2921854528272,65.5392308944303,75.0177883380877,84.4875175991416,90.1818316275023,90.4440741448254,101.50604159776,109.726430983364,109.073807657197,111.999793284403,112.883194178667,120.829577154072,124.975085752281,129.780695245077,128.512310304454,138.368403055526,142.236262414906,139.671417225823,139.718765199023,148.179854717484,148.681827674755,141.171196012401,145.044015928403,151.077816928379,156.927686629633,148.799756211365,158.109919891984,156.847491424792,160.59550398167,163.111347012303,154.93358753872,157.081381619342,160.724962790145,163.947580215243,165.237249983954,168.053735828607,173.715723398173,167.588535746841,172.111697397243,174.624810739034,178.40218006668,171.850170958842,166.896808476558,177.276944356191,165.957730457475,170.531908433819,182.949394851463,172.501366771005
2039,51.019376341079,65.0511176636707,74.4159366115631,83.7080661049831,89.2943181615928,89.6541584714809,100.610099212224,108.78379907922,108.132559967201,110.95673441738,111.986178530879,119.812116931299,123.919367883146,128.780661931909,127.392536195919,137.175779596458,141.015682904001,138.579749359845,138.592587669535,146.857643443302,147.613321642578,140.111872130774,143.844764887238,149.837749347915,155.762270635915,147.539936383868,156.979019672864,155.550035110297,159.269314885162,161.778729456702,153.788488764119,155.760773249227,159.507778719781,162.621616665752,163.946335404231,166.634260947342,172.33081374917,166.120589222917,170.576323308849,173.161290614611,176.860569455952,170.515178243671,165.597653360621,175.810776522833,164.532854263023,168.990769065901,181.253265841772,171.169706287642
2040,26.5006438907611,33.939525007571,41.2836812103873,44.2348303515387,48.16283558442,53.6509270522897,54.8761581175917,59.0724452165627,60.7948074638071,59.0266704497749,67.5605471231346,67.0214817483461,68.2784188750376,68.5753806310234,69.603891494087,73.9534798243743,74.5065638318644,74.6996764945005,75.6921184366922,74.0868916074708,79.4664036512937,79.1867920252129,78.6595356015913,82.3113164270202,82.6995857826923,78.6954232272003,83.7896093550941,83.410974407172,83.1572148029723,80.3263358418771,87.5370496507851,87.535887970173,89.4161355852792,85.0609658996619,88.7079898073942,92.7418393590759,92.3708561924826,88.5309257493021,90.225975170172,91.7589801612218,92.204687505889,94.4674182264685,95.155119652164,94.9170111832213,89.3024749843335,90.2657433626602,90.7397022083843,97.9875258329796
2041,8.60809927756922,21.8422217664215,30.9877277722143,34.0420619530037,40.3398633987304,47.8920775146264,42.8930907522642,44.921532579152,49.0989104412836,46.2672412867199,58.1818720211486,52.7946401175511,52.5109483479842,47.6594694086469,54.0288612383798,55.7956224306179,54.6126983631101,53.5219240233838,56.2671444972979,51.9137429101683,53.6333708319049,59.6408930282172,59.3326563252985,62.2782768049543,55.7519923496205,58.0731067416247,55.3756089862243,61.3029772983268,58.6446863677968,51.3001773075952,66.1720627716709,69.4457048680953,66.9429078887725,59.3730341027,64.0337473232061,72.5505378263471,66.5188012514269,66.4464320197489,67.6690336955003,66.8312881754094,66.7210742060362,70.4787582801317,74.6026931324628,70.508783009911,67.9724548979304,69.5051218543907,64.4798118263681,76.2202819021964
2042,38.9541478361878,46.8919717503464,53.8823050860079,58.3782231994755,61.854011991271,65.3856613506963,71.3548895179216,77.4232934993348,77.6346933992946,77.3868791142173,83.0427999595329,86.2546060825995,88.8046449976528,92.732211543622,90.5977341783612,97.3714913112711,99.5761169794478,99.8757482977689,99.7674162430185,101.696853729539,107.789434757838,102.929137488058,103.182938489987,107.740482374135,112.747980558354,104.68682063506,114.481523554963,110.939798812153,112.791686002764,113.319288462976,113.443345316526,112.301668904734,116.74573528177,115.619069736701,118.27500555489,119.741558383272,123.608375603232,117.202914901413,119.730408805638,122.82536647988,124.255851309774,123.918005620117,121.590895804032,125.626016327262,117.079506777453,118.655630173673,124.401174327324,125.684402089333
2043,50.1245779652768,63.4757816026805,72.4921907196954,81.230397666473,86.4889713606432,87.1585296095534,97.7605569535671,105.779412398354,105.14137067513,107.644757705502,109.135798066799,116.572246442565,120.554615244461,125.563790889798,123.82855315231,133.373163834226,137.115999754848,135.07451992222,134.988048430138,142.63028252913,144.163803255571,136.714277708768,140.013785742862,145.875783105095,152.003766606282,143.513950286508,153.324930606082,151.398532951498,155.016585707205,157.487921902065,150.114169715959,151.55656620514,155.603428824249,158.364139186284,159.802248808121,162.113539038451,167.887783387188,161.440860303882,165.68531444411,168.478213375964,171.932151899487,166.236079895417,161.447877328802,171.121822571223,159.990761386573,164.089082726511,175.842315770445,166.91191049792
2044,58.817845246505,80.4890849938256,94.8473440740072,111.312308434524,122.134282298748,118.968362719404,132.20436688577,141.489345327359,141.526527846903,148.21122504872,143.772714458923,155.358027873481,160.553700188317,161.141748937748,166.663351673313,178.430291686261,182.568069162354,174.375644943255,176.407789349411,191.625207185471,181.324449961784,175.132201272608,184.71748302942,192.050914709931,192.79405036052,190.35035568344,192.44893773627,199.213072494121,203.171363979343,204.608428058291,191.51911566742,201.974520045639,199.710093919903,206.10159766193,206.339768457361,216.169194083317,218.021776482009,216.954841629778,224.062832761226,222.392763517993,229.084364791917,214.849219025663,209.900794462497,225.339487470547,213.905326483003,223.328790091658,239.660282407022,216.235732855744
2045,48.3332139512073,60.4384581600998,68.8623895149208,76.6127682312995,81.325964238219,82.5710902362694,92.4433070669455,100.146694691056,99.5701505909622,101.487302105903,103.828985146918,110.510782067851,114.246560291306,119.407849502684,117.16755117094,126.237924655881,129.765739109026,128.394214011169,128.167035532645,134.650018505478,137.508859897547,130.255212494813,132.795372547205,138.408090629204,144.769633290872,135.921772868736,146.26153618809,143.547761879565,146.935177781381,149.259215134975,143.122220667512,143.695065223553,148.179145341564,150.250447058309,151.908327735821,153.652590134964,159.436323671912,152.662991181871,156.526285798687,159.621339747765,162.630273366901,158.112527847467,153.630309680718,162.2647257279,151.472411975669,154.9421031413,165.677279727355,158.873399243525
2046,37.7792170888788,45.4491093017969,52.3978558164368,56.648259863448,60.0954893638087,63.8504435218644,69.3457638493272,75.2207252419747,75.5621612085043,75.121396913305,81.0993907973019,83.924212427514,86.3394457639137,89.9707408650879,88.0515989168423,94.5661934270746,96.6018336169224,96.9649045395089,96.9349614548895,98.4340894111574,104.624401127085,100.164008979088,100.269249987377,104.720359682524,109.366432216126,101.605295722608,111.07267071158,107.695146219254,109.340207746161,109.570870876739,110.431475653778,109.292800713101,113.563231533325,112.085107426762,114.8492131881,116.47748157704,119.976105673076,113.762437716245,116.178050884429,119.163515014704,120.461147509875,120.474580599592,118.442785194999,121.994559665391,113.744410950236,115.197098513231,120.377300533775,122.401535638018
2047,52.1485047829643,67.0953124319951,76.9549294613966,87.0101781183208,93.0704034838004,93.0161698484144,104.404112954858,112.76910097552,112.120885824577,115.379299925328,115.787152095042,124.116800314667,128.382843841276,132.979085359305,132.131821053358,142.216532316187,146.166547525042,143.169194010935,143.338567826706,152.434397861162,152.087130307232,144.56908730099,148.906187938929,155.070828442973,160.645594484687,152.855450464626,161.711038934967,161.019066994468,164.850177280021,167.369422335753,158.604996786401,161.34898706373,164.628754566438,168.196099308915,169.374308771115,172.639073640936,178.156786804988,172.325756103274,177.070260137115,179.330088279629,183.363084676104,176.134930189926,171.081055341749,181.993339805006,170.556297105125,175.516878315861,188.419119112523,176.786071902321
2048,30.1058871193172,37.2003598982443,44.302788974601,47.5013308502258,51.1574802973412,56.1549506979984,58.6937627946157,63.3923977198273,64.6553478479937,63.2278545164066,71.0221165808846,71.5034282915904,73.1068439155594,74.5144065791631,74.4939859927584,79.4763298476552,80.4704407811442,80.8266416404433,81.4611013623569,80.6796834889622,86.5683556291923,84.9257450306261,84.4843555900486,88.3527404705624,90.1880120783818,84.8815208428782,91.5267474032802,89.9965553204019,90.3228410272946,88.4825929392377,93.8076020791031,93.2900638630072,96.0221463700636,92.4960450851324,95.88833437792,99.0494431726832,99.9329998682354,95.2810147739264,97.1511896852146,99.1899158466745,99.8416625512907,101.560539916583,101.417178882009,102.240194011931,95.8375095412182,96.8495748417175,98.6937978725074,104.575752574283
2049,56.0614249150503,74.6763398951668,86.8064676282532,100.166741155726,108.52872751257,106.805507567511,119.480274895961,128.445687981601,128.02958909914,133.093136952039,130.940772279132,141.123269360656,145.941911446071,148.782285477596,150.899720466189,162.007687466723,166.189430868134,160.591174791371,161.628612433683,174.038933042411,168.65272141001,161.577518560357,168.595340378883,175.412495876403,178.811679078998,173.494898319443,179.165408622818,182.125278880521,186.164867225425,188.320821995855,176.94582052853,183.449591405522,184.158867020166,189.358016226204,189.999597812385,196.345241269106,200.359823241761,196.705844081815,202.679433382249,203.130917219769,208.56273707821,197.641602773823,192.419496953498,205.910670592404,194.231128614072,201.447094358064,216.475906650964,198.537534101
2050,49.5487088565824,62.4825582793921,71.293821806669,79.6975892746366,84.765611620641,85.6264297531874,95.9964692782384,103.914546451419,103.291500078341,105.598606248188,107.373319739863,114.5635603582,118.466117025709,123.544007245222,121.620203332783,131.01171291298,134.688158421678,132.878701558796,132.738951081154,139.996143343547,141.988167464962,134.588839304061,137.629152116961,143.409155095567,149.636315424855,141.006759056287,151.017779270873,148.809122742749,152.35681244185,154.790628127547,147.814365226706,148.950761487138,153.160636286675,155.697126002439,157.206937907265,159.310164058378,165.107437814618,158.535299010125,162.651394416424,165.557082254063,168.861498721194,163.56127245001,158.865080827329,168.199037087217,157.170908380402,161.054481651474,172.479845422714,164.258648016895
2051,41.3476705910591,49.9961497709596,57.1466763976033,62.2339898497436,65.8358580171983,68.8766607429803,75.827221591389,82.2997895066718,82.2610748265999,82.4509955926239,87.3999924861055,91.4292344302271,94.263368296213,98.7275202085384,96.255127753757,103.577673933405,106.129980407868,106.222798568317,105.986495597894,108.875640476422,114.601055837325,108.974588424101,109.606004881209,114.396646898545,120.044816487184,111.474444808885,121.801307409929,118.068940883916,120.339536189126,121.438531392649,120.022844150251,118.988251319206,123.702775514877,123.325444610682,125.750001936224,126.984737408958,131.545116528719,124.818413117426,127.604852115097,130.871035400883,132.608973404905,131.457632390645,128.534448793028,133.614686987798,124.463057405817,126.353023494445,133.295406621644,132.911103679813
2052,63.6674312538064,91.6708599443207,111.599150436351,135.734067393616,153.599774030753,147.169238469611,159.943342593684,169.375389585117,171.158360579328,181.681699814926,171.822769165077,186.033858826654,191.798253652581,185.48782417518,200.801220673866,213.406876556036,216.767641292399,201.926500128651,206.766459489526,228.101627015495,205.623236835775,202.47578813641,218.43016246869,226.791340432653,219.804042171875,225.467375520895,217.768339712887,234.401292713849,237.527092684589,236.453545783617,220.804188262881,241.969614327941,231.045048777372,239.564477910456,239.050290328964,258.839273550684,253.562391776567,260.12876630271,269.99574203855,262.034646458869,271.671569208794,249.737063758856,246.481082245729,265.526027800705,255.888854407405,271.020027424759,288.735452032521,252.926656257427
2053,37.2566306182604,44.8238269420395,51.7609625866066,55.910685500371,59.3514369008061,63.2023533562694,68.4886719637969,74.2787033501317,74.6792395684389,74.1568505220362,80.2734541381193,82.9289428243237,85.2851776632662,88.779125344661,86.9644811436162,93.3659695185865,95.3270228493244,95.7113348776124,95.7189938037576,97.0346701578536,103.253143040065,98.9746686833508,99.0206713314595,103.426046960683,107.903156489524,100.284309073786,109.594226937431,106.302673658701,107.855783191682,107.951645939244,109.135539665166,108.008279003717,112.194299274948,110.563248387317,113.374364075474,115.083001726178,118.413373489169,112.290842314034,114.659578193977,117.591993894089,118.833975674396,118.994507035604,117.094134706041,120.436962053791,112.318014440261,113.72155081139,118.655045013032,120.993923030667
2054,19.8173988517709,28.7322360253521,36.6745153445574,39.4494686431535,44.0857489031564,50.3906389169923,49.2667889527261,52.6023912662822,55.2052977009374,52.943757647768,62.7571075659255,60.3988560868078,61.0557913780414,59.3289530802863,62.371758512291,65.6668845734747,65.4892935337215,65.2527793870714,66.9205603375126,64.0794486917707,68.2116471628769,70.4012485653923,69.872147076783,73.198140081813,70.9004243043444,69.3423699065763,71.4657290739878,73.4133985045803,72.171246918835,67.5593785587442,77.9315681357591,79.0678816107361,79.3068783064263,73.5996962598133,77.6658869054661,83.3885897474577,80.7741721145891,78.4250124880109,79.8835238295907,80.4812012035419,80.6498356039499,83.6472509156886,85.7494335185994,83.8375270257333,79.528111610836,80.5745950711102,78.7817156617398,88.0562409887014
2055,26.6586027088927,34.0751832393869,41.407250767696,44.3666914946657,48.2809833827759,53.7484751993039,55.0304279853238,59.2481110095373,60.9501003380126,59.1956260099914,67.6980695111871,67.2029575932377,68.4746886191109,68.8203175792966,69.8019212835732,74.1782011713081,74.7499089391066,74.9514914787792,75.9280203554436,74.3562595472931,79.7612103595787,79.422081997924,78.8970426232803,82.5576570846339,83.0097903594432,78.9478494365633,84.1113701812384,83.6801179127656,83.4511053198716,80.6633573045935,87.7942159008519,87.7685803891329,89.6869519379348,85.3665193966669,89.0028469135883,92.9975177351341,92.6810732066685,88.805388393028,90.5072976288875,92.0626483039385,92.5164097431169,94.7578649049566,95.4101204887713,95.2159533477969,89.5681138356904,90.5319356196924,91.063566977199,98.2561642651751
2056,39.1688368950992,47.1612609744686,54.1616522986342,58.7054400316861,62.188662480639,65.6783223177739,71.7347289722874,77.8388449661577,78.0269482707454,77.8158683880181,83.4112819863154,86.6947742838542,89.2697727770557,93.2493968213421,91.0787638109514,97.900605816818,100.136271352725,100.421803089055,100.300150726721,102.310992064107,108.380243607223,103.448383374801,103.731771754351,108.309316970202,113.379839081738,105.26709318386,115.117297966413,111.550222572745,113.439869682773,114.020700621136,114.008753924611,112.870167937079,117.3433299751,116.282038308175,118.917831375321,120.357925053755,124.290308071439,117.8519678287,120.400925872093,123.514275939761,124.97025067487,124.564988402327,122.184014879908,126.309523602342,117.708722815134,119.309443347575,125.159880919111,126.302461321327
2057,17.8818056646424,27.3972378169814,35.5353772192151,38.3137064117127,43.1970190946148,49.7238077712398,47.9318643335467,51.0321055712516,53.8970493453121,51.5181762773119,61.6916740760401,58.8147552760278,59.3053873181943,57.0120787968414,60.6390019412332,63.6523904696728,63.283041057655,62.9050948897014,64.7657092988587,61.6218529674651,65.3517113361406,68.2322803351587,67.7273988148152,70.9745686316017,67.9161191301206,67.054697787335,68.3210805964377,70.9606335024622,69.4534321414389,64.3456216498811,75.559892747987,77.0514380831784,76.8124517411248,70.7519535393756,74.9289864947969,81.1425533147924,77.9063364377993,75.9737334646719,77.3797856681876,77.7152905242308,77.8224940858274,80.9843194078333,83.4653431173704,81.1281215939285,77.1598688260072,78.2633150754224,75.8692372655419,85.6373937338681
2058,14.7263050710607,25.3623645068336,33.8330977729712,36.660155224647,41.9825985775629,48.862863380093,45.9852108602302,48.712015603268,52.0119724973203,49.4608512834281,60.2202018153408,56.4976656291641,56.7218821448408,53.5287836781353,58.1007127913296,60.6729843345811,60.0083548041405,59.3918457667149,61.5613267298552,57.9656986018417,61.0204289374204,64.9995421389219,64.5494438966189,67.6808271656029,63.4078244220847,63.6603874482335,63.5478885691819,67.3160033614466,65.3960253321359,59.5013120070145,72.0256947677705,74.1112625444965,73.0962826350154,66.4908536729599,70.8403716143777,77.8481403066279,73.6273312196628,72.3537303043313,73.6860859133243,73.6063820536179,73.6270043543647,77.0226421904985,80.0932357737002,77.110314894094,73.6652394302672,74.8874724591915,71.5566153694248,82.0606265623026
2059,76.9336959953423,128.020582935439,179.884619989915,254.089301857027,343.743510038221,319.586022580521,291.975575000175,293.207169117055,315.892689554668,350.381352703067,305.825967032661,326.052940576413,330.671981289214,269.453806617733,359.431993504865,366.624746230304,356.798171534994,300.774108263885,324.822473891665,374.181360965818,283.930702610473,303.223655790158,357.186493008845,369.07546848152,308.407287523969,368.221127068609,298.213731749155,372.237889116198,364.548110926623,344.123105568097,327.500361465131,425.669808992043,346.083208319172,359.55976644617,356.903874985175,452.862686118659,383.496847413588,449.854194479904,477.236906846889,416.987519247869,442.509160138742,380.127111807216,397.467879446621,425.117103027936,441.008171816965,497.70508455556,498.767264179465,399.820807112987
2060,43.1787332803111,52.5274749940254,59.881245146426,65.5162304853241,69.2873885990361,71.9153630865016,79.6284904810427,86.4182798979338,86.2055151554743,86.7765183898714,91.1304206055846,95.8140214240373,98.8742175163211,103.669592488196,101.053335515357,108.814203045377,111.632403162054,111.482527998271,111.184461939512,114.891715404041,120.156358535002,114.000570072698,115.001194120694,119.985900321143,126.01491812869,117.170291087508,127.754771168669,124.032663936364,126.616845012203,128.112653667084,125.487041325744,124.659319607953,129.485495651463,129.712210610693,131.9493257716,133.117995331356,138.138855338078,131.248001755188,134.265065215683,137.601186039464,139.612626859236,137.737141001998,134.369974626626,140.307150827666,130.698084513585,132.894363792253,140.791600401484,138.969834767555
2061,37.8320907009662,45.5129323281695,52.4630814419659,56.723955951802,60.1720473686074,63.9171804459202,69.4337088646635,75.3173016699557,75.6527991208819,75.2204333818935,81.1842495106006,84.0262972521466,86.4475325351891,90.092544731182,88.163114204604,94.6892265204536,96.7324346408211,97.093126584392,97.059468081492,98.5774233294269,104.764379626642,100.285711832038,100.397172678287,104.852963897213,109.515864956769,101.740620300151,111.223537720644,107.837741119339,109.492110044239,109.736324807308,110.564070497064,109.424571996321,113.703309420006,112.240773663141,115.000085727404,116.620497626096,120.136002725285,113.913302032173,116.333754116205,119.324445175569,120.62782283094,120.626068363808,118.580974323668,122.154094063595,113.890645910927,115.348497402026,120.553823417555,122.545724395614
2062,36.0065477826414,43.3680710989554,50.2930962301567,54.2217309021148,57.6612610613311,61.7339492157331,66.5248864743011,72.114592802633,72.6592541632684,71.9513745572631,78.3889753164533,80.6459620337008,82.8634090806439,86.0170443669295,84.4714268277303,90.6077196936976,92.3921008607438,92.8115219097546,92.9150826964414,93.8106178322682,100.061702177253,96.2269200519635,96.146782391868,100.446621233144,104.501785170075,97.2426170342105,106.14963798947,103.092810662079,104.426532691033,104.194318317401,106.140467590559,105.0630558125,109.031497256992,107.042961273796,109.963856820824,111.883186415447,114.801988607237,108.909881465563,111.173149317207,113.969402684155,115.086231445787,115.577459183318,113.990896712544,116.848524644252,109.04120108929,110.340379328375,114.695567536113,117.752179335523
2063,67.687599492314,101.842939997029,128.436353418774,161.987303269163,190.0772320701,179.975839260654,189.560674468351,198.376463358808,203.099076072957,218.176918268396,201.835790543316,218.27560494941,224.302039240338,208.264092038866,236.924384402563,249.593064590777,251.220060446098,228.165726006294,236.703569007752,264.520833046467,227.638909873478,228.823062675054,252.460387330615,261.78936453486,244.487027925552,260.740227814614,240.550005654224,269.209427587017,270.685536031803,265.975050000984,248.884163128169,284.107955608145,261.192117554893,271.428838996174,270.262885263921,303.620212632886,287.69575439599,304.855560622917,318.064345530459,301.215596133154,314.220567936729,283.565118532157,283.443710301142,305.506767518666,299.435793928873,321.919152768936,339.066232126443,289.545777544095
2064,57.4032294828327,77.456750123811,90.5981956988377,105.376643652936,114.830409582316,112.436340496893,125.433308917174,134.568842563132,134.33647983926,140.147454775301,136.94051662173,147.796276323105,152.800993667023,154.668359731792,158.283265119266,169.722041578331,173.90935261277,167.138685189341,168.614618296912,182.337637255998,174.717350976539,168.005263065697,176.192507694633,183.254961423342,185.494455503699,181.442627964699,185.529960106052,190.198964952672,194.227362722331,196.088137529588,183.861327407528,192.130909393093,191.534857541712,197.311122394577,197.758798254216,205.640343555683,208.73887969137,206.215657536958,212.709239672838,212.232684899062,218.245663978752,205.794224074416,200.656174064685,215.083297952468,203.469723668686,211.684933103751,227.377660845428,206.88986962717
2065,45.5758231644323,56.0578758839865,63.8064899910907,70.3074450154896,74.4186104809967,76.4483896538864,85.1682846564607,92.3810458570533,91.9712778538633,93.1125951909981,96.6006041872703,102.183112713203,105.550576638159,110.639218481874,108.030537823526,116.387853359375,119.547162026704,118.941777085323,118.624451968889,123.528308441748,127.902786965232,121.152569409488,122.76537687435,128.026428493311,134.367675064199,125.358549888714,136.032846961112,132.576494155001,135.553572422358,137.497105897828,133.253422154333,132.903969116519,137.712321807856,138.770566586788,140.747981789163,142.020875699373,147.51480245291,140.552782210901,143.92285876185,147.242381748635,149.671317037054,146.689974346014,142.771668919221,149.909688232562,139.723158352323,142.426178465904,151.619630497632,147.669596919563
2066,85.4835528397956,154.822403462052,247.126910850928,408.03448762031,737.174849261187,688.810059673353,458.546507546353,432.22163955187,507.155260627765,586.24216829363,475.280639293324,490.515030409998,486.875723415315,335.541174141654,551.439148564749,534.816800590805,495.174653738785,382.382703541041,433.225747269264,513.819934776941,341.105284570913,389.303366573427,495.469005160076,509.83952067549,374.313208658397,507.809993236161,356.098202488097,500.034018257187,473.447786171911,426.897325166271,417.349142658365,643.654382234387,443.886829351044,458.519549086102,454.698870979128,679.369346808897,493.312549463729,659.014169233102,715.767673472396,560.177444261252,606.24401590877,493.570828123104,548.735841745858,575.971026223231,646.340830136145,782.748920740297,720.397046220199,540.474700548532
2067,43.2421149840149,52.617615451283,59.9798423159329,65.6354393387091,69.4137517204965,72.0267919451405,79.7664530217745,86.5673287110189,86.348865481192,86.9338564507628,91.2662025340987,95.9729370308415,99.0410937602132,103.846440065002,101.227312983192,109.003630339513,111.830984783028,111.671200159954,111.371660608178,115.108651171282,120.354175758331,114.181123409067,115.195946347724,120.187627053216,126.227816978963,117.375803586774,127.966502807439,124.247525182175,126.842393487962,128.351173953802,125.683238307901,124.864932997679,129.693213210038,129.941319623924,132.17177936972,133.340213251007,138.375652771088,131.480649103324,134.506262076966,137.843654053618,139.865224445653,137.962912627066,134.580666698602,140.548427153389,130.923712155826,133.131759269934,141.062624069722,139.188336192385
2068,42.0848039560765,50.9984275927922,58.221552486441,63.5185751074978,67.1802263760363,70.0590390195477,77.3155620821303,83.9150836104812,83.8042267719994,84.1423634129479,88.8579986741134,93.1474807539221,96.0717085430376,100.678718362852,98.1348872385174,105.632002433392,108.291585072383,108.296451625819,108.031023665912,111.240208998309,116.800691299411,110.954365988246,111.725218676793,116.592282495796,122.406665794539,113.712350315862,124.160316063262,120.414120009336,122.811955812428,124.075558743516,122.175870551897,121.210027314185,125.980769600128,125.84337439155,128.193586633609,129.388585112985,134.14293727346,127.340383683977,130.215980400152,133.517641664863,135.361366358458,133.929980018416,130.826325392033,136.245405265668,126.90858113151,128.914304763218,136.237139158774,135.29223827178
2069,41.0291770145759,49.5699597490817,56.6927227005404,61.6936653161117,65.2729567213632,68.3820908243483,75.2009499179134,81.6190057299962,81.6122430980671,81.7401776851594,86.7875788955137,90.7056610058009,93.5012485716264,97.9000853851928,95.4637245694239,102.711645855118,105.217573161862,105.344609709847,105.122519223479,107.877099768002,113.665742433572,108.136838994704,108.711597663626,113.469912217396,119.041339175482,110.529710473182,120.797535079161,117.078130955588,119.293423129132,120.319466518665,119.111538130992,118.05284628279,122.738785949645,122.259129391466,124.715351811127,125.972270988978,130.44564621328,123.755407702065,126.504772698092,129.752863791375,131.446797901136,130.41192790215,127.567297276691,132.50364865309,123.432326670101,125.275231254894,132.054927285044,131.905663667628
2070,55.0270317368199,72.5963357375659,84.0336322047087,96.4083342027062,104.046027368014,102.803080864291,115.179890568244,123.99927448149,123.482244813335,128.018009621943,126.611589773659,136.288093896017,140.961320835234,144.410297066477,145.556520825655,156.40022155517,160.548353997106,155.748319676039,156.500918708147,167.964062187777,164.111878689922,156.83570557806,163.046046728025,169.681748368551,173.819164087065,167.683882143973,174.391228431293,176.203404483861,180.219618578086,182.538927541235,171.838665622594,177.162465141366,178.715842655601,183.47550491336,184.263209007478,189.607844060748,194.174346710996,189.795566535847,195.405548539995,196.453998059032,201.475680285583,191.635992737657,186.404160856249,199.190982497566,187.519312754084,194.051045042811,208.539326761641,192.422428118362
2071,39.2658078256479,47.2834733295627,54.2886685009235,58.8543945410803,62.3412091953665,65.8117784060881,71.9076194714952,78.027902153032,78.2055332101065,78.0112007001386,83.5791087087668,86.8950818505313,89.4813875555796,93.4842973825439,91.2976783188846,98.141313240927,100.391012629646,100.66990851327,100.54234813335,102.590247702737,108.648380987242,103.684362262925,103.981373733947,108.568010249132,113.666672168428,105.530975190909,115.405786482722,111.827756723767,113.73445215076,114.33921177447,114.265694103927,113.12889326407,117.614912600297,116.583266796084,119.209923008776,120.63839953183,124.600206932524,118.147252047975,120.706012587787,123.827493840978,125.295109637134,124.859056856591,122.453770169719,126.620318117711,117.994986732491,119.607033175577,125.505009646648,126.583512748473
2072,53.7236565067228,70.053487142886,80.716213048467,91.9687627281003,98.8194772483038,98.1401189672231,110.093598618503,118.714550398019,118.113503360516,122.038266804507,121.497643158429,130.553092808426,135.041955078542,139.102320848029,139.226394711877,149.729401706933,153.804713628593,149.892264443837,150.345229867713,160.689719986146,158.556161253458,151.116093003527,156.414433329159,162.830764412654,167.724046061594,160.733215974839,168.53955603539,169.099072301568,173.051354054095,175.504545609603,165.672097379842,169.708971321698,172.148547243761,176.362315487261,177.329824994144,181.614002720674,186.708689328635,181.577520084814,186.77074846868,188.442813065116,192.990593106373,184.40191670305,179.216826940199,191.138834622945,179.538774658563,185.302944212581,199.084465090707,185.098793380971
2073,38.0069689473247,45.7247625574143,52.6798561512396,56.9757401886092,60.4269586326022,64.1394593629867,69.7262135591967,75.6384045912252,75.9543161867974,75.5499151077523,81.4666327186774,84.3657797626643,86.8069093581504,90.4970457672208,88.5339707419488,95.098275078304,97.1665405804148,97.5190551628376,97.473228659811,99.0538085652953,105.228988104904,100.690051870866,100.822387980403,105.29373498607,110.0119342477,102.190417400796,111.724216548667,108.311633119621,109.996789054144,110.285706024073,111.004576513161,109.862800091688,114.168694721947,112.757869204907,115.501276927262,117.096076045383,120.667218563544,114.414898717446,116.851483613099,119.859271431589,121.181803979053,121.129410526647,119.040332902689,122.684321614527,114.376856495139,115.852042903313,121.140679150836,123.024970659496
2074,73.6107931882002,118.207824234319,159.116780146877,214.603722172743,272.450557159289,254.519769967952,248.339954491513,253.777676615816,267.391974032379,292.906402152106,261.493269932011,280.806015544161,286.427486560955,246.099590845613,307.675954218258,318.200001585613,314.137083896235,272.70880927304,289.836438414548,330.213769687204,262.887705874074,274.211427675649,314.788541288735,325.715166747876,284.386338806882,324.898661628418,276.747669066958,331.234539916065,327.911717423983,314.484442338332,296.958009697514,366.111241999071,313.021498592045,325.503129348857,323.370008838622,390.28926957854,346.24101284856,389.798322402312,410.69399462512,370.9485689254,391.041783070235,342.298291987438,351.252932805688,377.291916854833,382.295805512423,422.853824953353,433.252060985797,355.596528044432
2075,48.9146680647582,61.4074901119472,70.0092256782684,78.0635759037953,82.9388387282991,84.0033076550237,94.1148627757228,101.921221180275,101.320050364594,103.419754407111,105.495405311278,112.41854324443,116.23380142315,121.365166696082,119.263050829714,128.486649256866,132.086890277427,130.514325675076,130.324901514732,137.171877231658,139.6326157941,132.302805583697,135.074551728716,140.766325856086,147.075781212455,138.319862986183,148.517636330687,146.030641561523,149.496598105894,151.878116195439,145.339711023609,146.168761844161,150.532979955621,152.825427849631,154.413031155831,156.316016280467,162.116229345821,155.428938065018,159.410200671457,162.42252534457,165.569506213448,160.686159925594,156.098440762652,165.064432837773,154.156392624857,157.817654537955,168.882530565071,161.413759981016
2076,67.6055312786592,101.627394110245,128.06271908151,161.385405912537,189.208612682006,179.193221073529,188.883885498234,197.722236481128,202.365769747364,217.334293111681,201.149489036942,217.54452192283,223.568673484865,207.775428737786,236.102567222156,248.778843068087,250.454840590047,227.598147731102,236.045367912514,263.715424869901,227.173263304572,228.250045620408,251.703787020231,261.011993324597,243.962995497081,259.957889804921,240.069614989527,268.443018927962,269.963871542058,265.34428694081,248.274858771982,283.151355993459,260.53694042873,270.739656552432,269.587146553628,302.605527003999,286.954570373824,303.848556725349,316.976721660029,300.35326744581,313.279295237702,282.827272300041,282.62147353637,304.624072490932,298.454735935885,320.756331786462,337.93871516406,288.736022149181
2077,35.7134729128997,43.0347710453184,49.9599481105826,53.8405777799168,57.2825691893338,61.4057451935693,66.0814848855112,71.6248110006751,72.2037721665584,71.4543021542045,77.9651383662987,80.1299795703628,82.3153577692535,85.387090073384,83.9080757434422,89.9832815459749,91.7266381282692,92.1513144030721,92.2784577793577,93.0791527749747,99.3312574666774,95.6020255304288,95.4952894271467,99.7711537374564,103.724130694992,96.5528586127488,105.360520649353,102.36422217553,103.646686930444,103.336567177652,105.459124419183,104.397654075144,108.312186993209,106.241518053963,109.187616986048,111.159758987852,113.980489571521,108.144656725362,110.384487063706,113.147134725426,114.236165017163,114.80082391181,113.287620844838,116.034415666659,108.299610604585,109.576868433167,113.798884420806,117.01696147461
2078,33.7104665318864,40.8352240593085,47.7885576774478,51.3767820428611,54.8609574789127,59.3152284559734,63.2132243999745,68.4455551981545,69.2633676230028,68.2473899942257,75.2404134704514,76.7875230553502,78.7583247201633,81.2531482338928,80.2596364413901,85.9281877172594,87.3957373454245,87.8297041580804,88.1273667696449,88.3145373936393,94.5137686902399,91.5181103818855,91.2566111225133,95.3760820598921,98.603201079328,92.0631062244333,100.14910269118,97.6154132243846,98.5502706945945,97.7001275011388,101.004506822041,100.089803891598,103.61106398882,100.995682560135,104.108810274559,106.471226891739,108.60983005574,103.177128309023,105.2687326633,107.787805411126,108.701191081972,109.729644710662,108.714224652074,110.732067935639,103.486124248123,104.637057946446,107.973097565481,112.230800396446
2079,44.7229248834624,54.7728656285148,62.3625613738003,68.5342156387028,72.5072268854224,74.7580017829249,83.1192250110822,90.1807414723193,89.8364047668628,90.7647078536956,94.5732659806392,99.8301690371647,103.086862092232,108.092172591817,105.451863148079,113.594183854295,116.633585450896,116.210205380214,115.890657803957,120.351309395744,125.083555327883,118.530265198391,119.906751375988,125.066468713316,131.324058088223,122.344950454162,133.023246434078,129.436052666658,132.276310001005,134.071275369869,130.407115731021,129.857212090422,134.696218835408,135.453308326399,137.525023335809,138.732622875485,144.078021713905,137.119832947661,140.357028536635,143.698684912583,145.970664843866,143.405103533139,139.677865164033,146.378132744671,136.393158869974,138.900691800434,147.627444951199,144.46920710701
2080,69.4731170852823,106.610947210504,136.89678137612,175.859000670091,210.535591706485,198.428904814788,205.130172993814,213.321170776153,220.012676618671,237.673238483458,217.628696549469,235.022750646916,241.056168706399,219.139070798554,255.784311567866,268.166574912111,268.554590922652,240.848504181901,251.534541749287,282.723823834164,237.929935906318,241.662720301134,269.608981249549,279.39976605359,256.089335379109,278.44933355011,251.151592053533,286.491502554695,286.861515571513,279.98365138325,262.521013225951,306.034901402297,275.867182463923,286.827965982078,285.369045536996,326.855002915872,304.289968872813,327.833928506697,342.949440302791,320.656240284552,335.497899656729,300.122406702373,302.085576540646,325.439286850657,321.830002777526,348.665898761846,364.724281836456,307.846787003055
2081,50.7299915298075,64.5373517112559,73.7854202359153,82.8936891799763,88.369574222289,88.8312985676513,99.6737586613896,107.797648638373,107.149261617566,109.867519640382,111.049118882793,118.748163686585,122.81492096328,127.729752419952,126.221864205824,135.927864251329,139.737246171506,137.433560191032,137.41199548927,145.472282890969,146.488496281909,139.000243321006,142.588757153252,148.538897330604,154.536039120905,146.220250097936,155.788016138651,154.190086725549,157.877769651712,160.377667299439,152.586592325225,154.379973831098,158.230423777093,161.229438059084,162.591091404618,165.149807435071,170.877335513084,164.584703857582,168.970478689339,171.627244986482,175.245394723068,169.114691254028,164.237067796495,174.274369670471,163.042085609171,167.380124141308,179.478030099939,169.774408537475
2082,43.2282116479824,52.5978276949651,59.9581909015495,65.6092566073009,69.3859917569235,72.0023118114506,79.7361518515842,86.534595123054,86.3173798706083,86.8992977252571,91.236378134025,95.9380352039129,99.0044449244403,103.807613222647,101.189102717804,108.96202946438,111.787376249846,111.629774540575,111.330554119985,115.061013151689,120.310750736781,114.141478828973,115.153178514508,120.143327795861,126.181079403945,117.330673332383,127.920024817714,124.200343838438,126.792868943923,128.298808683693,125.64015940036,124.819774715447,129.647604237085,129.891015476655,132.122936116084,133.291409039105,138.323658972093,131.429556143463,134.453290290451,137.790410584512,139.80975498598,137.913338248791,134.534398207662,140.495444386082,130.874160713758,133.079619393748,141.003104365735,139.140354231908
2083,31.6806889133657,38.7395033271773,45.7632695640664,49.1124613393952,52.679753642789,57.4473528233854,60.5738427470518,65.5016106907242,66.5680359452033,65.3105440288885,72.7638684190042,73.7043042807969,75.4654235183752,77.353261184999,76.8952212753813,82.1704000136971,83.3674987905873,83.7704220985952,84.2540756422081,83.8760965497887,89.9298167963632,87.6928700997921,87.316449812111,91.28998426776,93.7434881893195,87.8860883537522,95.178831359886,93.1875113399036,93.7765340988388,92.3703046522796,96.8293534294595,96.120449055494,99.2075624765491,96.0687449912719,99.3422929893433,102.142327634138,103.576249823699,98.5769274133373,100.537388581594,102.790815200236,103.549110858049,104.986860591315,104.466975983509,105.79440281674,99.029664367457,100.089845509485,102.570084797732,107.777996609724
2084,39.0262277903411,46.9821865358449,53.9758086914222,58.4876916153375,61.9658969877472,65.483490913904,71.4819688125265,77.5623504096621,77.7659117408435,77.5303782438666,83.166043611103,86.4018833427915,88.9602908537662,92.9054116903357,90.758679339805,97.548555404737,99.7635976068064,100.058585294252,99.945744545127,101.90241460441,107.987359014728,103.102979635433,103.366626889611,107.930866686987,112.959634585872,104.881037529334,114.694530589311,111.144127261087,113.008694211429,113.554205776221,113.632648689113,112.491878628983,116.945809412516,115.841052569626,118.49023879189,119.947795797255,123.836689959583,117.420110795812,119.954774746298,123.055966747855,124.494966399432,124.134601031614,121.789401848435,125.854797261481,117.290063058274,118.874371813966,124.65507835071,125.891270920805
2085,35.451370141638,42.7392190558001,49.665439315917,53.5043144999608,56.9493474888165,61.1172137933771,65.6902338524148,71.1922704443131,71.8020577745002,71.0159771233327,77.5916959948958,79.6745256349851,81.8313722668771,84.8292497101598,83.4108416769811,89.4317626878524,91.1385670157108,91.5670465939886,91.7156031470591,92.4326158640056,98.6836268932106,95.0492263782924,94.9196058217982,99.1742706088399,103.034905639736,95.9432915053255,104.660638890039,101.720125157431,102.956821994978,102.576753242862,104.85632766639,103.810391261767,107.675858502143,105.532269285827,108.500739645129,110.521120807457,113.253706836126,107.468851993156,109.688117164443,112.420223501989,113.484867058309,114.113938288431,112.666249285983,115.314844516301,107.644698445921,108.903131235389,113.00681947876,116.367196853714
2086,51.6829816287841,66.2448579510872,75.8927159474412,85.6242773661021,91.4804282265997,91.6001788747591,102.812271182856,111.099043059866,110.446736599707,113.521969353722,114.191634208282,122.311945108838,126.512384731499,131.229105590858,130.144195373136,140.104653110545,144.011098672724,141.254216770216,141.354620491719,150.10168496722,150.226209309173,142.708089583367,146.787987144996,152.880984247719,158.613135272943,150.631403284546,159.743678450065,158.732469212692,162.519779176512,165.040397568634,156.594500056212,159.005670061667,162.490764997393,165.870094833098,167.1091692412,170.12162091087,175.724674642724,169.725800923582,174.348116695912,176.7509913838,180.643010134289,173.787706530572,168.786150674429,179.407657354853,168.032375862535,172.778770718763,185.417870110354,174.436868395272
2087,43.244061317165,52.6203862039716,59.9828743493635,65.6391061604205,69.417639693671,72.030220599998,79.7706965940873,86.5719128227819,86.3532749797244,86.9386963705746,91.2703794334485,95.9778248490017,99.0462261774358,103.851876964226,101.232664152352,109.009456231007,111.837091708052,111.677001085231,111.37741704215,115.115322335567,120.360256281861,114.186675001455,115.201935551946,120.193830709606,126.234361419548,117.382123599668,127.973010749262,124.254132343806,126.84932862375,128.358506550029,125.689270796687,124.871257199292,129.69960001494,129.948363832233,132.178619023492,133.347048008352,138.382933654886,131.487804306382,134.513680451102,137.851110138864,139.872992326896,137.969854778898,134.587146145776,140.555846774632,130.93065148567,133.13906127265,141.070959319995,139.19505552749
2088,38.9331869341126,46.8657744618048,53.8551679912253,58.3464637021301,61.8215646707408,65.3572934058927,71.3180194808565,77.3829427194461,77.5966252598401,77.3452496093966,83.0070495939377,86.2118732219711,88.7594806961036,92.6819281165861,90.5510363020238,97.3201108079271,99.5217082848562,99.8226730042434,99.7156589376686,101.637195687028,107.731960529523,102.878676752556,103.12963092644,107.685231296005,112.686523586184,104.630456480159,114.419665911777,110.880496396886,112.728695927329,113.251083273137,113.388395546433,112.246480248607,116.687660063624,115.554631032657,118.212527147743,119.681717073555,123.542102375882,117.13988982527,119.665305527825,122.758439148811,124.18645600717,123.855137398546,121.533288886749,125.559619108053,117.018408641854,118.592165469034,124.327494754047,125.62436529842
2089,39.8265965307903,47.9973656024125,55.0336129936559,59.7301611571519,63.2406898942217,66.5992999215424,72.9238813165301,79.1380931635432,79.2558032802392,79.1602561891256,84.5668957482007,88.0719678317576,90.7240739171441,94.8587403920021,92.58404281863,99.5546086589514,101.885613552854,102.122771080845,101.962420370336,104.228228212159,110.214778186305,105.066891557659,105.445935305262,110.085851612382,115.343098783872,107.079099147381,117.090370021406,113.455228723748,115.46039935567,116.202083777606,115.770801924434,114.649231329021,119.205994384352,118.347235076693,120.920575534397,122.286102930112,126.415619967706,119.881162016986,122.49795483586,125.664210813058,127.200742145559,126.582385718777,124.036737455656,128.443234017818,119.675984127631,121.356231056404,127.531080433975,128.232178798802
2090,38.3823860948488,46.1833510953486,53.1506738946578,57.5237089247221,60.9830989186445,64.6247599250026,70.3626847966604,76.3365265924292,76.6106894720213,76.2673033415553,82.081824515869,85.1042013975269,87.5882628909948,91.373956079502,89.340705645956,95.9875025001421,98.1096911740157,98.4430142789257,98.3717098118196,100.088585988138,106.234894008505,101.567531477614,101.746284636983,106.25140082274,111.086379559403,103.167608307746,112.807848704751,109.34079749244,111.092050945518,111.476287941893,111.960429947015,110.816129555342,115.178634955483,113.879609391558,116.588617496942,118.130417508975,121.819938743698,115.505407750496,117.977301269014,121.020767385781,122.385225860976,122.221982569304,120.038506173587,123.836040729356,115.43394462345,116.947691945584,122.416278461032,124.066063781844
2091,43.703439254985,53.2788781425547,60.7057273458906,66.5148976536378,70.3480995984592,72.8510634327013,80.7840598565538,87.6658132522495,87.4066060609657,88.0951097757389,92.2684899666119,97.1446133268421,100.27098300446,105.145566471002,102.51021261815,110.39952467526,113.293346075531,113.058152143061,112.749354594608,116.705783932835,121.805311647987,115.508951415853,116.630191728902,121.673168866755,127.790236424487,118.889096016234,129.519163998304,125.828981448523,128.501219500717,130.102706789895,127.125901370327,126.381073042654,131.220766381983,131.62554548953,133.80722156357,134.978478855684,140.116951536329,133.195160795868,136.284219215957,139.628291360413,141.725007398019,139.623678026028,136.132387819419,142.324644624501,132.586533939854,134.882751988607,143.059489636405,140.797039613691
2092,71.8690605919732,113.236700951466,149.296998643716,197.055342747605,243.497164311426,228.243199867935,228.818782414007,235.681142649986,245.907265201928,267.747859300695,241.670981227483,260.24622333519,266.129427259482,234.455685825666,284.313198648809,295.863727989394,293.983619311436,258.876606747652,273.02341669336,309.283350834533,252.201537987386,260.029146974329,294.797778907595,305.236108921582,272.243685733996,304.38275627951,265.807325054769,311.574778640844,310.017824962763,299.622877308097,281.975882924489,339.109149423763,296.840684632885,308.713893632197,306.862753830125,361.818102983797,327.982134283518,362.12440307617,380.323745314999,348.857482391748,366.555776101953,323.886056205909,329.487835920912,354.464684470746,355.277210216335,389.34537137437,402.765334015805,334.55019752185
2093,64.5642500433921,93.8705504831547,115.105716491161,141.057271007588,160.767861707125,153.606444321235,165.96507318256,175.334503253489,177.627501878856,189.038816080436,177.920971448398,192.630951695685,198.476226506247,190.363302782897,208.172415463685,220.857963011519,223.937166612115,207.505961440187,213.048298638601,235.707164134371,210.391208514449,208.053536506892,225.506115456971,234.074225792649,225.133217515,232.816091213891,222.714453354689,241.696535287467,244.542585343428,242.794254656009,226.759839121555,250.583422096428,237.430994155058,246.340588388696,245.682592190366,268.007467521434,260.797653761803,269.333758430754,279.848443014276,270.24911606063,280.554878606422,256.881564191568,254.163521681866,273.886803965182,264.846489903768,281.370674500327,299.135953675204,260.574734958235
2094,60.9899350484304,85.3472979036469,101.911075956486,121.409600877166,134.86533635472,130.367209069447,143.696086912736,153.130811296579,153.768501402678,161.993108747177,155.38344389458,168.124509678804,173.596185873878,171.628646064832,180.8430186585,193.053742267729,196.977688741388,186.178978463002,189.279884201269,207.034157352061,191.894328393688,186.805972420231,198.913852444378,206.68855481462,204.512098054506,205.159286932567,203.486585626393,214.118890939593,217.831196312172,218.363422445326,204.04004988041,218.607539694119,213.093855181551,220.438284388041,220.345445109465,233.935378154295,233.209606642842,234.99805016484,243.202963392511,239.189101594758,247.071153464917,229.71572785605,225.300405167937,242.333783339644,231.445089230772,243.08843814435,260.228817231018,231.737791131119
2095,61.7697360635476,87.1510113821562,104.61635290705,125.353621763053,139.943965908361,134.9187780533,148.175892951916,157.634528052358,158.553871246304,167.398120911247,159.913810866398,173.078792207788,178.642304394394,175.557893483423,186.356350718213,198.702635901906,202.500890401569,190.626527077062,194.182248281394,212.924896589067,195.813680728687,191.220611565951,204.358429598291,212.299079983559,208.869531948207,210.830595834676,207.569938258644,219.801279468385,223.378089685398,223.502233816182,208.767913522927,225.066931768681,218.152846214148,225.840230529268,225.626060063997,240.826764597299,238.947518408836,241.970913318747,250.621359748243,245.590685784204,253.94877905814,235.348764147591,231.208087545443,248.82355045326,238.225662768324,250.790549646974,268.154848610151,237.663083492162
2096,43.0072928400508,52.2845110625966,59.6159069916069,65.195719572493,68.9479840070211,71.6161289216071,79.2575242003381,86.0173588920293,85.8201258652442,86.3535721266076,90.7654442297679,95.3866372778899,98.4253460012127,103.193211028856,100.585471978117,108.304640673145,111.098055548832,110.974450624422,110.680607661994,114.307917124665,119.623158752393,113.514446768329,114.477164395688,119.443093184268,125.441173014555,116.617276355929,127.183976762114,123.454383481195,126.009591485307,127.470037257194,124.958764739002,124.106374147749,128.926227758956,129.095243304431,131.350303957242,132.520345194941,137.501273937302,130.622197599993,133.616334250733,136.948602055192,138.932875088407,137.129335339627,133.80306923916,139.657831094008,130.091169719299,132.256028487018,140.062491998302,138.381830897839
2097,57.7085780834621,78.1024984084226,91.4930077749904,106.618044332379,116.346996686037,113.792176130385,126.850407394115,136.021056346811,135.839827750602,141.831589768897,138.369760735122,149.381323666171,154.427799390897,156.042197528638,160.038689626429,171.550335359068,175.732127155148,168.671421455612,170.258881089357,184.294573474632,176.124979736583,169.512744505264,177.986780834123,185.106643236489,187.047966159776,183.318392084718,187.005319657398,192.100169831836,196.118798981763,197.898302522035,185.481964419342,194.193738627324,193.264346207454,199.172892494982,199.575776609685,207.847700327878,210.703055251854,208.469987693461,215.090156007454,214.375757080005,220.529261465983,207.708171027756,202.601733638012,217.245152993807,205.660087869323,214.121919589955,229.95848495492,208.859236013464
2098,40.9497437456119,49.4643058278838,56.5804717872794,61.5602598591476,65.134215515962,68.2602400429105,75.04630181345,81.450795394496,81.4520713421488,81.5647340777771,86.6364574320033,90.5269341931349,93.3129439365405,97.6951711312046,95.2682600934733,102.497645596997,104.992006321418,105.12723473449,104.908834994949,107.630196207773,113.433878121762,107.929537048548,108.4904908292,113.2408070076,118.792652233159,110.29614071714,120.548635587544,116.833097320292,119.034570262649,120.042256575487,118.886012059499,117.821815581973,122.500241390619,121.995190440767,124.459267615673,125.722169144623,130.173563263988,123.492748516806,126.23299915813,129.476331760622,131.159446706404,130.153211397502,127.328219525478,132.228919524753,123.177647162986,125.009082961457,131.748365703358,131.657063970618
2099,68.6293223674836,104.339136882814,132.818619790094,169.114075879909,200.481770491526,189.355661715062,197.566430412484,206.086110540327,211.785457459663,228.175067933793,209.955379140888,226.903907453169,232.944734235514,213.941915329563,246.633015891501,259.180940619516,260.197189237586,234.775119506759,244.403005660941,273.957713653743,233.028798824762,235.505786408161,261.338991148722,270.909206629845,250.558737782547,269.914486460965,246.106165377212,278.178273585988,279.103421775419,273.295758140684,255.985588012297,295.401648110105,268.831452296072,279.454037871883,278.133637813311,315.593142885347,296.335872830872,316.715565976766,330.892442188006,311.305717773436,325.250384261965,292.176999481454,293.094099574765,315.844372292117,310.992399265512,335.673135668103,352.326102078511,299.033501498705
2100,31.4819697770997,38.5412067520906,45.5738298534952,48.9024205926929,52.4798125820874,57.2770169381926,60.3288403925994,65.2273546568631,66.3184177290942,65.0386795159155,72.535744424539,73.4177220613559,75.1587094084876,76.9862895413383,76.5825380298422,81.8201822106731,82.9913290446032,83.3893536838234,83.8917685053023,83.4612684964082,89.4964717636015,87.3343327894179,86.9486333421966,90.9085218782236,93.2847385898797,87.4959808094425,94.7083729272001,92.7734842713085,93.3290666270975,91.8681340022979,96.4378927298359,95.7517434273887,98.7948241457783,95.6062491534397,98.8950484688912,101.739737102301,103.104292271962,98.1483675499316,100.096914394561,102.32358860947,103.067812508928,104.542691676827,104.07072937158,105.333043124402,98.6145566666045,99.6676532471523,102.066314603345,107.362174585635
