Years,H1,H2,H3,H4,H5,H6,H7,H8,H9,H10,H11,H12,H13,H14,H15,H16,H17,H18,H19,H20,H21,H22,H23,H24,H25,H26,H27,H28,H29,H30,H31,H32,H33,H34,H35,H36,H37,H38,H39,H40,H41,H42,H43,H44,H45,H46,H47,H48
2015,49.60082916,65.53544401,77.05855502,88.28115821,96.03048603,96.10911006,105.4882364,113.1834658,113.5256827,114.5902558,117.209613,122.8879956,126.5371931,128.8955319,130.2444794,139.0851013,142.0781621,138.7306243,139.6347401,147.3428212,146.3925716,140.9838823,145.1112066,150.9948594,154.2639404,148.5237176,155.1315477,155.9029994,158.6618221,159.6673921,154.158507,157.9131292,159.5706909,161.6134561,163.3018793,168.7276384,171.6111352,167.1563794,171.1533504,172.8171192,181.9490782,170.4894047,166.8286116,175.7216123,165.6845257,170.7934327,181.1308313,171.9812418
2016,45.09431602,58.14147045,68.17910293,77.36072393,84.27597723,85.38377652,93.75243119,101.0114796,101.4492813,100.7122823,105.8986769,109.0261554,112.5249782,114.4878058,116.1210096,124.6507485,127.357406,124.164959,125.2108979,131.4858636,131.397207,126.7017562,130.679137,136.3396385,138.8284641,133.6792839,139.6678073,140.8821528,143.088334,143.3927244,139.5523242,143.3876727,144.7087737,145.8334505,147.8767,153.3796624,155.631284,151.7883096,155.8256348,156.8962459,160.662079,155.2674504,152.1085419,160.2692732,150.487897,155.5211546,164.5013989,157.3699815
2017,47.03843348,61.43994188,72.22242038,82.47200543,89.8612666,90.42165807,99.36244474,106.8772715,107.2665156,107.7619378,111.3280968,116.1038295,119.724394,121.9769882,123.4147112,132.2026396,135.1239652,131.8098087,132.7597479,140.078011,139.382451,134.158889,138.2584881,144.1020909,147.1597434,141.562548,148.0248356,148.92388,151.5320603,152.3390822,147.2975451,151.0900983,152.6580581,154.4376358,156.2391642,161.708781,164.4249805,160.1229494,164.1514255,165.6481488,169.9151561,163.5198155,159.9901405,168.7056471,158.6972424,163.8040515,173.7860979,165.2157302
2018,53.92353097,71.91841967,84.27191346,96.48728562,104.503694,104.0764129,113.7855922,121.5732219,121.8592524,123.2984651,125.084335,131.431318,135.0388185,137.4243809,138.6962096,147.4249655,150.4140331,147.0993262,147.9596975,155.7809482,154.6898828,149.2543418,153.3318564,159.1449127,162.4906779,156.7577786,163.3447084,164.0265429,166.8345113,167.9460123,162.2352405,165.9058242,167.5910905,169.7656163,171.3552345,176.6651216,179.5998455,175.130188,179.0380783,180.7820302,204.5961509,178.3660131,174.6836201,183.5420544,173.6508157,178.679681,189.070394,179.6729584
2019,45.00403371,57.98406195,67.98236899,77.10481797,83.99153655,85.13064644,93.46499676,100.7084256,101.1488792,100.3029001,105.6194499,108.6128333,112.0999884,114.0352557,115.6869589,124.1916812,126.8780068,123.6967471,124.7516681,130.9285583,130.8955125,126.2505468,130.2165031,135.8592738,138.2933242,133.1881413,139.1297144,140.3751638,142.5432247,142.7993323,139.0725613,142.9121668,144.2093959,145.2725915,147.3382226,152.8446113,155.0511443,151.2531889,155.2908626,156.320797,160.2179014,154.7384199,151.6148631,159.722855,149.964394,154.9907098,163.8759787,156.877575
2020,55.02515477,73.45874087,85.96255801,98.34550174,106.3891959,105.8689601,115.6129086,123.3975326,123.6720511,125.1627621,126.8013895,133.2423471,136.8307205,139.2113607,140.4676419,149.1485387,152.1260788,148.8281086,149.6790756,157.4866675,156.3805908,150.9611744,155.0166591,160.7985342,164.1427412,158.4320898,164.9916526,165.6584663,168.4631217,169.5854098,163.8670417,167.5123448,169.1952604,171.3804823,172.9502703,178.2241792,181.1545292,176.7002077,180.5804797,182.3300246,211.3089316,179.9102536,176.2383557,185.0593649,175.2247676,180.2241788,190.5843467,181.180638
2021,53.57459444,71.42386524,83.7252358,95.88152922,103.8865333,103.4910834,113.1858996,120.9726394,121.2625043,122.6829301,124.5193162,130.8318529,134.4448655,136.8312916,138.1082327,146.8508922,149.8429721,146.5234982,147.3869206,155.2100196,154.1248629,148.6855811,152.7694692,158.5915495,161.9365968,156.1978807,162.7921406,163.4791289,166.2872267,167.3944169,161.6885476,165.3668375,167.0523039,169.2221574,170.8183058,176.1391076,179.0742147,174.6008296,178.5171087,180.2584499,202.571411,177.8446925,174.1599249,183.0284563,173.1205645,178.1581459,188.5559057,179.1637686
2022,45.50540719,58.85351028,69.06453796,78.50355227,85.54015004,86.51311952,95.02781704,102.3531226,102.7793601,102.4472779,107.1364366,110.774996,114.3164988,116.3794195,117.9457814,126.5668237,129.3476415,126.1136469,127.1270389,133.7597691,133.4667353,128.5881354,132.6077964,138.3329453,141.019519,135.7121642,141.8689846,142.9724931,145.3171759,145.7957126,141.5425403,145.3633471,146.7705436,148.1190727,150.0807924,155.5726162,157.9866486,153.9818701,158.0179789,159.2357233,162.6628625,157.437125,154.1498515,162.5028595,152.6388245,157.698062,167.0239883,159.4052204
2023,45.90298986,59.5347154,69.90491464,79.57535009,86.71720974,87.57069695,96.21230387,103.5947767,104.0105616,103.9693757,108.2841945,112.3054806,115.8766067,118.0088982,119.5289889,128.2131069,131.0455124,127.7820614,128.7728027,135.6550091,135.2177214,130.2124633,134.2618861,140.0316814,142.8543268,137.4390675,143.7101762,144.7385582,147.1793511,147.7777594,143.2379529,147.0491794,148.5155012,150.0200503,151.924675,157.4094709,159.9348287,155.8196499,159.8545255,161.1739132,164.5693532,159.25628,155.8801187,164.3666888,154.4466425,159.5242235,169.0902707,161.1289265
2024,47.48423882,62.17209963,73.10087784,83.5493167,91.01810642,91.47937192,100.5166339,108.0730425,108.4529892,109.0901444,112.4401647,117.4289773,121.0603397,123.3422742,124.758519,133.5684229,136.5109253,133.1852203,134.1243334,141.5497976,140.7883669,135.5121898,139.6227192,145.48217,148.5973601,142.9575886,149.4640973,150.330747,152.9800842,153.83913,148.6728284,152.4590911,154.0517476,155.9004312,157.6747626,163.1382001,165.9006319,161.5544,165.5789949,167.1198863,171.9940716,164.9386618,161.3718867,170.1412621,160.1157534,165.2277525,175.3104989,166.5866298
2025,45.43925921,58.73946237,68.92320626,78.32209201,85.34006805,86.33391765,94.82618572,102.1413442,102.5693883,102.1805695,106.9408856,110.5064576,114.042061,116.0911892,117.666741,126.2751871,129.0457605,125.8175689,126.835446,133.4187266,133.1540978,128.3007129,132.3144857,138.0307198,140.6901499,135.4044301,141.5382802,142.6568752,144.9824642,145.4371036,141.2408408,145.0635806,146.4589693,147.7765832,149.7495766,155.2428357,157.6346138,153.651965,157.6882562,158.8857717,162.3431366,157.1106962,153.8411065,162.1675667,152.3148359,157.3704377,166.6486658,159.0974945
2026,49.98514092,66.12760732,77.74316707,89.08146646,96.8682487,96.88960546,106.3146156,114.0267663,114.3630423,115.47909,117.998958,123.7658007,127.4144007,129.7799136,131.1200297,139.9577134,142.954489,139.6067909,140.5061333,148.2413816,147.2698341,141.8496738,145.9759542,151.8581276,155.1426506,149.3951145,156.0096533,156.7696042,159.5391968,160.5610362,155.0161667,158.7643985,160.4282447,162.4922436,164.1693422,169.5867393,172.4819067,168.0181954,172.0087798,173.6858215,183.8007958,171.3425745,167.6735193,176.5744217,166.5433934,171.6483,182.0078699,172.8133283
2027,45.99181302,59.68589744,70.09055532,79.81049865,86.97440551,87.80252696,96.4707426,103.8651404,104.2786803,104.292785,108.5343887,112.6302228,116.2068271,118.3520241,119.863471,128.5592104,131.4012138,128.1322528,129.1187471,136.047512,135.5830954,130.5543135,134.6092725,140.387299,143.2351875,137.8000437,144.0921562,145.1066723,147.5653654,148.186043,143.5927942,147.4022286,148.8795032,150.4132088,152.307104,157.7905759,160.3365348,156.2009988,160.2355446,161.5738443,164.9921194,159.6339124,156.2412303,164.752616,154.8223803,159.9033459,169.5140878,161.4884632
2028,44.50074721,57.0999795,66.87055064,75.64426651,82.35789834,83.68416897,91.81073434,98.95923091,99.41528745,97.74915771,104.0104971,106.0285857,109.4265485,111.1468211,112.9448726,121.2578233,123.7870699,120.6889867,121.8147054,127.232541,127.6247459,123.3742529,127.2548951,132.7613494,134.7630286,130.0069314,135.5741714,137.0714882,138.9421635,138.8159138,135.9766802,139.8540229,140.9626249,141.5474024,143.7876687,149.327324,151.1767921,147.7362729,151.7780638,152.4876297,157.7042477,151.263195,148.4154033,156.1158429,146.5364404,151.5125736,159.660203,153.6855072
2029,48.15715236,63.26102721,74.39575609,85.11848789,92.69218886,93.01755192,102.182346,109.7924526,110.1593553,110.9674388,114.0419641,119.2974273,122.9393908,125.254583,126.6446714,135.4752383,138.4410264,135.1034983,136.029245,143.5768677,142.7378451,137.4027613,141.5238497,147.3985314,150.5795243,144.8932746,151.4475371,152.2758511,154.9722215,155.891951,150.5813495,154.358082,155.978788,157.9081278,159.6491777,165.1022085,167.9170535,163.5219084,167.5392648,169.131471,175.1320428,166.8887943,163.2803837,172.1081845,162.0686338,167.183895,177.3796214,168.4771374
2030,56.25293911,75.13976013,87.78751649,100.3265412,108.3867284,107.77473,117.5405281,125.3123869,125.5750062,127.1115933,128.6045319,135.1275877,138.6919015,141.0637233,142.3034391,150.924665,153.8862374,150.609591,151.4503446,159.2308817,158.113411,152.718567,156.7464569,162.4892887,165.8260166,160.1461544,166.6686734,167.3204891,170.1170674,171.2472368,165.5321666,169.1476589,170.8253617,173.0165031,174.5652128,179.7964531,182.7171711,178.2853861,182.1329698,183.8848066,219.4658754,181.4659012,177.8102811,186.5809549,176.8160425,181.7794749,192.0929031,182.6979833
2031,50.1344209,66.35619534,78.00653118,89.38802535,97.18844961,97.18838042,106.6301222,114.3482798,114.6823103,115.8169381,118.3000533,124.0991279,127.7472715,130.115206,131.4520594,140.2881,143.2860131,139.9384754,140.8360405,148.5805259,147.6013977,142.1774732,146.303106,152.1843601,155.4742106,149.7244362,156.3409349,157.09671,159.8699922,160.8976076,155.3401669,159.0858563,160.7518476,162.8233473,164.496261,169.9102927,172.8094401,168.342835,172.330842,174.0125579,184.5257522,171.6638745,167.9920935,176.8952468,166.8670594,171.970198,182.3370547,173.1268149
2032,51.55647308,68.4956759,80.4479597,92.19694227,100.1050152,99.92091684,109.4951575,117.2564745,117.5706514,118.8509913,121.027057,127.0842659,130.7228661,133.1057391,134.415025,143.2237365,146.2255838,142.8847264,143.7669493,151.5701413,150.5339823,145.0896871,149.2035088,155.0680025,158.3937825,152.6362253,159.2568495,159.9790557,162.7765157,163.847288,158.2011298,161.9209452,163.6008133,165.7273411,167.3648958,172.743818,175.6686531,171.1875184,175.1485303,176.8641833,191.6314804,174.47692,170.7899901,179.6960187,169.7063418,174.7875211,185.1940833,175.8735425
2033,45.25465314,58.42010856,68.52646522,77.81077962,84.7749869,85.82873218,94.2562728,101.5420873,101.9752813,101.4121757,106.3878906,109.7321871,113.2494882,115.2557621,116.8598991,125.4292131,128.1680039,124.9576912,125.9894966,132.4194449,132.2425617,127.4675704,131.463164,137.1516969,139.7265794,134.508419,140.5704363,141.7362753,144.0025596,144.3827574,140.3632334,144.1921095,145.5506969,146.7724111,148.7803376,154.2782386,156.6006152,152.6870717,156.7238816,157.8584606,161.4464862,156.1562084,152.9415747,161.1856412,151.3682397,156.4126437,165.5427959,158.2007139
2034,46.98583378,61.35297647,72.11764476,82.34278984,89.72208134,90.29469996,99.22340373,106.7329757,107.1233546,107.6001463,111.1940125,115.9422302,119.5612748,121.8099162,123.2504608,132.0352583,134.9537031,131.6411501,132.5925036,139.8963563,139.2095431,133.9930997,138.0911551,143.9325132,146.9824336,141.3910524,147.847278,148.7506291,151.3532807,152.1533592,147.1285124,150.9218195,152.486452,154.2568165,156.0619084,161.5322246,164.2421903,159.9461695,163.9750529,165.465875,169.6695022,163.3446013,159.8199414,168.528087,158.522205,163.6282121,173.5966484,165.04675
2035,42.73911047,53.93752682,62.79446196,70.0478051,75.90037786,78.11033961,85.21022266,91.888194,92.4128743,139.7817242,97.55890934,146.6510646,152.7104665,153.5039177,159.904463,172.9480646,177.8965454,167.4958036,169.6256956,192.220883,174.537901,167.2940511,178.3504776,186.8137139,187.1558847,186.0784879,186.197397,195.0051437,200.1436491,201.1975302,184.9069769,197.0985864,194.0015798,203.0369157,202.1699485,216.274169,216.3337962,216.2791613,223.0325037,221.5446256,148.1861716,209.9261779,205.0984217,221.3457818,212.2723164,223.9500072,242.9852189,210.9195178
2036,49.64110398,65.59775294,77.13075389,88.36579415,96.11921044,96.19168541,105.5758168,113.2729212,113.6145043,114.6847346,117.2933168,122.9813612,126.6305374,128.9896957,130.3376861,139.178092,142.1715986,138.8240031,139.7276041,147.4387763,146.4861659,141.0761464,145.2034056,151.0869666,154.3577905,148.6166898,155.2253426,155.9955343,158.7555772,159.7629536,154.2500359,158.0039989,159.6622742,161.7074037,163.3945999,168.8195034,171.7043261,167.2485234,171.2448423,172.9100917,182.1422076,170.5806385,166.91889,175.8128698,165.7763289,170.8848557,181.2248231,172.0701958
2037,45.81568969,59.38576799,69.7217129,79.34272752,86.46241287,87.34128751,95.95614207,103.3266025,103.7446251,103.6460024,108.0361227,111.9806174,115.5459933,117.6647779,119.1938968,127.8657992,130.6881572,127.4304675,128.4256387,135.2591681,134.8501661,129.8695434,133.9131652,139.6743111,142.4705163,137.0761368,143.3251695,144.3680938,146.7901606,147.3652581,142.8813342,146.6944243,148.1492677,149.6233538,151.5391633,157.0253269,159.5290874,155.4352787,159.4704557,160.7700561,164.1527913,158.875704,155.5168399,163.9774182,154.0681317,159.1421516,168.6614253,160.7671559
2038,45.3445434,58.57580762,68.72007667,78.06065991,85.05138584,86.07566209,94.53511956,101.8354143,102.2660804,101.7909611,106.6585093,110.1139818,113.6405539,115.6685516,117.2581903,125.8473357,128.6022281,125.3828822,126.4076272,132.9152451,132.6939752,127.8792356,131.8840208,137.5865938,140.2043761,134.951906,141.0504224,142.1922403,144.4885842,144.9065566,140.7974514,144.6231898,146.0004541,147.2707554,149.2609887,154.7564985,157.1141047,153.1654657,157.2020186,158.3685191,161.8839192,156.6293992,153.3869052,161.6727188,151.8373747,156.8874337,166.0926244,158.6447207
2039,48.0796162,63.13652613,74.24839135,84.94099257,92.50344946,92.84370615,101.994816,109.5992446,109.9675945,110.7581116,113.861817,119.0893498,122.7303817,125.0422866,126.4350889,135.2639132,138.2274515,134.8909993,135.8181443,143.3536524,142.5224962,137.193184,141.3133604,147.1867297,150.3611729,144.6793985,151.2290986,152.0613235,154.7530186,155.6666253,150.3704878,154.1483345,155.7662616,157.6874685,159.4319791,164.8862823,167.69594,163.3055539,167.3238245,168.9108694,174.7699245,166.674367,163.0700425,171.8922564,161.8537201,166.9688464,177.1534905,168.2689613
2040,49.46586874,65.32621168,76.81582964,87.99620659,95.73154454,95.83103573,105.1930421,112.8818087,113.226169,114.2713034,116.9274014,122.5726975,126.2218926,128.5773613,129.9295747,138.770754,141.7622183,138.4149476,139.3208154,147.0180916,146.07599,140.6719925,144.7994544,150.6833007,153.9463123,148.209235,154.8140906,155.5898659,158.3444313,159.3437617,153.8488694,157.6056832,159.2607527,161.2953399,162.9879493,168.4165393,171.2954045,166.8443556,170.8434809,172.5021239,181.303369,170.1804391,166.5230113,175.412456,165.3737015,170.483813,180.8121547,171.6800455
2041,41.39690893,51.54380985,59.61779545,65.35305128,70.12502177,73.38518821,79.21167639,85.31761756,85.91499046,91.18428921,91.65340176,99.32509883,103.3091467,106.4780438,107.2768889,116.7745869,120.3944871,116.6098286,117.2261657,128.2267016,125.0308831,118.1781366,122.7158234,129.0534493,133.8000717,127.0586657,134.6471789,134.750845,138.6686873,141.0220063,131.9629448,135.6591533,137.9254398,141.9891144,142.8730121,148.2943906,152.3807963,146.8142161,150.7623051,153.5296802,139.8360737,149.5653659,144.8705882,155.3596983,144.9607827,150.2852335,163.5290305,150.0045187
2042,46.40388865,60.38248827,70.94196068,80.88180798,88.14162748,88.85783219,97.64192044,105.0879426,105.4914633,105.7273278,109.6671569,114.068789,117.6666509,119.8625516,121.3397471,130.0803775,132.9600167,129.6694535,130.6390522,137.7512182,137.1790833,132.0580668,136.1345833,141.9444511,144.8913741,139.3788353,145.7524841,146.7126673,149.241787,149.9500525,145.1461912,148.9483068,150.4684851,152.1173628,153.9685372,159.446402,162.0729829,157.8581159,161.8907756,163.3035227,166.9413518,161.2753844,157.8178827,166.4263986,156.4573455,161.5512579,171.3375463,163.0572664
2043,45.89949098,59.52875259,69.89758636,79.56605572,86.70703637,87.56153229,96.20207856,103.5840755,103.9999496,103.9565225,108.2742937,112.2925711,115.8634739,117.9952402,119.5156823,128.1993263,131.0313412,127.7681143,128.7590281,135.639341,135.203155,130.1988544,134.2480518,140.0175114,142.8391292,137.4246804,143.6949326,144.7238794,147.163944,147.761446,143.2238133,147.0351124,148.5009882,150.0043519,151.9094123,157.3942616,159.9187804,155.8044313,159.8393194,161.1579377,164.5526783,159.2412107,155.8657218,164.3512817,154.431652,159.5090948,169.0733233,161.1145909
2044,49.30448528,65.07512561,76.52397061,87.65271985,95.3707287,95.49571545,104.8365283,112.5171948,112.8641592,113.8850274,116.5863965,122.1906343,125.8396696,128.1914439,129.5476884,138.3891849,141.3785228,138.0317271,138.9397481,146.6231572,145.691302,140.2934105,144.4208686,150.3047058,153.5599743,147.8270893,154.4279265,155.2090885,157.9582072,158.9496795,153.4725382,157.2319368,158.8838123,160.9080779,162.605853,168.0377541,170.9106804,166.4644849,170.4661237,172.1182876,180.5340518,169.8042446,166.1511875,175.0357992,164.9953877,170.1067937,180.4233563,171.3134181
2045,46.65889399,60.80964458,71.46090721,81.5292303,88.84355093,89.49489025,98.34490936,105.8200436,106.217669,106.5677294,110.3462584,114.9101182,118.5183348,120.7395835,122.199356,130.961678,133.8600369,130.5587971,131.5197488,138.7239134,138.0970803,132.9301117,137.0171575,142.8424591,145.8388606,140.2881673,146.7018545,147.6348285,150.1992414,150.9514807,146.0417479,149.8398665,151.381427,153.0884048,154.9177203,160.3922952,163.0590053,158.8049306,162.8361005,164.2862459,168.139569,162.2135643,158.7237379,167.380407,157.3930286,162.4930192,172.3669507,163.9578209
2046,45.68276558,59.15829824,69.44134083,78.98562118,86.0705491,86.98897766,95.56191818,102.9135151,103.3350059,103.1424034,107.6541904,111.474385,115.0302382,117.126714,118.6707171,127.3223568,130.1281199,126.8799241,127.8823867,134.6356279,134.2731242,129.3332207,133.3672601,139.1140633,141.8665441,136.5067948,142.7191701,143.786196,146.1773489,146.713922,142.3222079,146.1383679,147.5742178,148.9980884,150.9322896,156.4206986,158.888705,154.8303297,158.865928,160.1328487,163.5163917,158.2768332,154.9465502,163.3641736,153.4728339,158.5409505,167.9829871,160.1990882
2047,46.27058595,60.15800663,70.66829121,80.53871271,87.76860835,88.52001909,97.26793547,104.6979,105.1045929,105.2743137,109.3056245,113.614837,117.2064968,119.3874646,120.874812,129.6023859,132.4709596,129.1867387,130.1613578,137.2194269,136.6792261,131.5853371,135.6555535,141.4561501,144.3739226,138.884044,145.2338596,146.2100379,148.7183961,149.4008333,144.6591325,148.4634718,149.9710342,151.5858697,153.4497408,158.9293555,161.5322429,157.3406242,161.3739621,162.7647473,166.3127603,160.7626977,157.3242682,165.9042623,155.9463947,161.0365758,170.7711829,162.5662886
2048,44.38721537,56.89905822,66.61621973,75.30659669,81.97760346,83.34931248,91.42478465,98.54987514,99.00965757,97.08574076,103.6346496,105.3555341,108.7251131,110.3751767,112.2218459,120.4736007,122.9521426,119.8796638,121.0288243,126.2009634,126.7289856,122.6075593,126.4618197,131.9246058,133.7831314,129.1431727,134.5852207,136.1683336,137.9418408,137.6884467,135.1397365,139.0311709,140.0772839,140.5061085,142.8035523,148.3566552,150.0875302,146.7660018,150.8098077,151.4135095,157.1273491,150.3045298,147.5467886,155.1156549,145.5946285,150.5559338,158.4638729,152.8188772
2049,49.10602023,64.76500056,76.16260087,87.22611456,94.92188226,95.07906471,104.3926964,112.0628266,112.4130564,113.4024436,116.1616134,121.7129873,125.361578,127.7083883,129.0697947,137.9111286,140.8975046,137.5515393,138.4623032,146.1271417,145.2086965,139.8191073,143.9462944,149.8297399,153.0747063,147.3476659,153.9428235,154.7309616,157.472811,158.4539801,153.0003048,156.7628299,158.4104337,160.4211336,162.125521,167.561382,170.4263615,165.9868089,169.9914422,171.6350761,179.5918291,169.3311233,165.6839963,174.5617385,164.5198218,169.632591,179.9331494,170.8525091
2050,47.85406921,62.77293813,73.81703399,84.41985899,91.94839814,92.33307622,101.4429312,109.0301115,109.4027515,110.1392412,113.3313817,118.4737866,122.1117057,124.413299,125.8144035,134.637271,137.5936666,134.2607426,135.1921475,142.6897181,141.8829188,136.5717939,140.6888929,146.5578292,149.7118041,144.0442589,150.5793939,151.4236839,154.1007566,154.9953629,149.7442678,153.5253265,155.1345483,157.0305055,158.7855926,164.2434864,167.0368862,162.6615483,166.6823619,168.2533634,173.717638,166.0360669,162.4446074,171.2489876,161.2142434,166.3286383,176.4783793,167.6496914
2051,51.89713359,68.99846547,81.01578304,92.84211388,100.7706723,100.5472406,110.1468222,117.9151023,118.22489,119.5333874,121.6454443,127.7535424,131.388681,133.7733623,135.0767605,143.876272,146.8775377,143.5394442,144.4183104,152.2291975,151.1826253,145.7368397,149.8465501,155.7052139,159.0364004,153.2799545,159.8983641,160.6138188,163.4146901,164.4932712,158.8325506,162.5457371,164.2275101,166.3636943,167.9937021,173.3634525,176.2918003,171.8100268,175.7639757,177.4854825,193.3980011,175.09183,171.4036368,180.3062377,170.3284096,175.4031377,185.8127043,176.4742728
2052,48.294945,63.48167217,74.65649728,85.43187842,93.02505623,93.32440959,102.5129169,110.1328077,110.4971719,111.3353016,114.3594034,119.662933,123.306389,125.6271237,127.0125501,135.8458538,138.8154003,135.4761214,136.3994592,143.9675315,143.1151177,137.7703369,141.8928739,147.769639,150.9617062,145.2679887,151.8298406,152.6514769,155.3557471,156.2858843,150.9507632,154.7255007,156.350897,158.294055,160.0291562,165.4798771,168.3034745,163.9003538,167.9160365,169.5170043,175.7761908,167.2638529,163.6485728,172.4856665,162.4446541,167.5600165,177.7743693,168.8414226
2053,50.5379456,66.97019874,78.71148783,90.20510836,98.0400311,97.98418865,107.4682942,115.2011976,115.5293216,116.7106666,119.0991962,124.9800139,128.6263545,130.9999272,132.3283653,141.1586875,144.1589101,140.812371,141.7053159,149.4714981,148.4735875,143.0412131,147.1644784,153.0423715,156.3449614,150.5906419,157.2108228,157.9560192,160.738048,161.7799382,156.1919982,159.9306479,161.6017032,163.691632,165.3537506,170.7583685,173.6669039,169.1939317,173.1747146,174.8678755,186.5032602,172.5059773,168.8280335,177.7352161,167.7159545,172.8137614,183.1970071,173.9487174
2054,48.80308165,64.28870877,75.60567046,86.56574205,94.22547864,94.43369028,103.7033314,111.356097,111.7114522,112.6489337,115.5012741,120.9664653,124.6138039,126.9520494,128.3218256,137.1616359,140.1426809,136.7985528,137.7137315,145.3466625,144.4505949,139.0755371,143.2016965,149.0836655,152.3110699,146.594564,153.179326,153.9789516,156.7083634,157.6722926,152.2582902,156.0254787,157.6657537,159.65369,161.3687908,166.8104533,169.6617879,165.2339582,169.2429488,170.8722363,178.1608618,168.5853143,164.9485394,173.8136378,163.7706483,168.884977,179.1575508,170.1264019
2055,50.19156523,66.44349051,78.10697491,89.50475414,97.31027182,97.30211694,106.7501086,114.4704849,114.8036647,115.9452114,118.4145191,124.2256369,127.8735746,130.2423861,131.578013,140.4133548,143.4116612,140.0642159,140.961111,148.7089518,147.7270163,142.3017459,146.427097,152.3079512,155.5997493,149.849201,156.466361,157.2205771,159.995204,161.0249563,155.4628957,159.2076031,160.874375,162.9486439,164.6199843,170.0327108,172.9333062,168.4656735,172.45268,174.1361194,184.8041715,171.7854368,168.1126787,177.0165807,166.9895489,172.0919807,182.4614445,173.2454372
2056,49.88031381,65.96661449,77.55737915,88.86477204,96.64167746,96.67834812,106.0912513,113.798998,114.1368713,115.2394163,117.7857049,123.5292241,127.1780719,129.5417665,130.8842274,139.722902,142.7187801,139.3710416,140.2716566,147.9999945,147.0339928,141.6166988,145.7433554,151.6260626,154.9066286,149.1608587,155.7738127,156.5367892,159.3036319,160.3212406,154.7856514,158.5356484,160.197893,162.2563844,163.9364901,169.3562116,172.2484061,167.7869154,171.7792779,173.4528824,183.2936884,171.1136451,167.44666,176.3457172,166.3128524,171.4189308,181.7729563,172.5900063
2057,52.51093595,69.89544816,82.02344598,93.9799,101.9408953,101.650575,111.2904074,119.0683497,119.3705388,120.7246845,122.7288477,128.9199984,132.5479566,134.9345427,136.2278304,145.0086252,148.0076559,144.6754739,145.5485077,153.3684007,152.3054898,146.8596286,150.9608972,156.8075961,160.1461022,154.3939635,161.0058951,161.710111,164.5153164,165.6060864,159.9241746,163.6250176,165.3091451,167.4600841,169.0771412,174.4296873,177.3623649,172.8816182,176.8223197,178.5526633,196.6568398,176.1496554,172.4610054,181.354209,171.3998692,176.4619859,186.8719519,177.5077938
2058,48.18648136,63.30805656,74.45137701,85.18541064,92.76331093,93.08308916,102.2529949,109.8652167,110.2315754,111.0461775,114.1098192,119.3756787,123.0179771,125.3343806,126.7234598,135.5546471,138.5212605,135.1833427,136.1085687,143.6606576,142.8187228,137.4815162,141.6029311,147.4780825,150.661492,144.9736017,151.5295341,152.3563983,155.054493,155.9764875,150.6605425,154.4368521,156.0585824,157.9909302,159.7306928,165.1832371,167.999994,163.6031008,167.6201061,169.2142204,175.2690796,166.9692618,163.3593478,172.1891936,162.1492956,167.2645931,177.4643965,168.5552765
2059,47.12915337,61.58964356,72.40256288,82.69380282,90.09995834,90.63953383,99.60080142,107.1245129,107.511819,108.0383513,111.5578978,116.3798241,120.0028793,122.2620273,123.6950396,132.4880821,135.4141719,132.0973777,133.0449518,140.3871238,139.6770015,134.4416504,138.5437772,144.3910522,147.4615332,141.8547341,148.3270238,149.2189028,151.8362574,152.6548208,147.5855562,151.3768176,152.9502937,154.7451919,156.5407661,162.0091636,164.7356957,160.4237258,164.451474,165.9580038,170.3386014,163.8179343,160.2799517,169.0076167,158.9951287,164.1032216,174.1078153,165.5034081
2060,44.83585729,57.68987029,67.6136971,76.62324659,83.45485378,84.65405139,92.92218706,100.1354182,100.5809271,99.50621827,105.0918685,107.8077387,111.2702335,113.1468615,114.8381095,123.2898978,125.9331082,122.7752584,123.8493512,129.8181694,129.9025763,125.3650915,129.307099,134.9123167,137.229336,132.2183541,138.0592218,139.3717359,141.4586958,141.6115397,138.1265993,141.9756871,143.221888,144.1544187,146.2676473,151.7819353,153.8920103,150.1904679,154.2289891,155.1720963,159.3853366,153.6880529,150.6397137,158.6358518,148.9262241,153.9381393,162.6216487,155.9047881
2061,50.28955462,66.59291548,78.27873833,89.70412619,97.51821547,97.49634197,106.954855,114.6789342,115.0106663,116.1638372,118.6097941,124.4411949,128.0887407,130.4589938,131.7925454,140.6266015,143.6255301,140.2782818,141.1740404,148.9274113,147.9407787,142.5133185,146.6381444,152.5182531,155.8132773,150.0615047,156.6796883,157.4312794,160.2081282,161.2414534,155.6717089,159.4147208,161.082781,163.1616722,164.8303504,170.2408171,173.1438014,168.6745064,172.6597798,174.3460932,185.2828073,171.9920835,168.3177325,177.2227778,167.1978128,172.2989946,182.6727028,173.4471056
2062,44.16697546,56.50782579,66.1192007,74.64268824,81.22684355,82.69043574,90.66189312,97.73928576,98.20653143,95.65743612,102.8912093,103.9040057,107.2042356,108.6789567,110.6487471,118.7506613,121.103772,118.0920895,119.300487,123.8633111,124.7244455,120.9259513,124.7173343,130.0728235,131.5696948,127.2242038,132.3475058,134.1522863,135.6829112,135.1070338,133.2857968,137.2160308,138.1042849,138.1439503,140.5846425,146.1766934,147.6072907,144.587535,148.6378696,148.9744851,155.9964781,148.1511043,145.6182919,152.8616265,143.4860978,148.4135417,155.7251412,150.8951807
2063,46.80762004,61.05740613,71.76084157,81.90157071,89.24610287,89.86103744,98.74763273,106.2388201,106.6331071,107.0432857,110.735013,115.3857319,118.9991843,121.2335324,122.6841736,131.4573964,134.3653841,131.058696,132.0150977,139.2668969,138.6115095,133.4208533,137.5132244,143.3463027,146.368286,140.7980553,147.232192,148.151041,150.7337249,151.5087878,146.5441157,150.3400135,151.8926108,153.6298088,155.4476336,160.9202862,163.6076944,159.3335,163.3636822,164.8332371,168.8362713,162.7373856,159.2308861,167.912262,157.9158331,163.0187899,172.9379497,164.4617253
2064,42.93177121,54.28614584,63.25137302,70.69669012,76.66847553,78.75945715,86.00082593,92.7433984,93.25927607,17.16092575,98.33430368,17.00136176,4.191721233,4.191721233,1.376739245,1.376739245,1.376739245,1.376739245,1.376739245,1.376739245,1.376739245,1.376739245,1.376739245,1.376739245,1.376739245,1.376739245,1.376739245,1.376739245,1.376739245,1.376739245,1.376739245,1.376739245,1.376739245,1.376739245,1.376739245,1.376739245,1.376739245,1.376739245,1.376739245,1.376739245,1.376739245,1.376739245,1.376739245,1.376739245,1.376739245,1.376739245,1.376739245,1.376739245
2065,47.69783483,62.5198277,73.51585557,84.05457718,91.55852324,91.97496793,101.0549312,108.6295012,109.0051854,109.7014636,112.9582155,118.0379995,121.6733834,123.9671206,125.3743695,134.1922763,137.1431575,133.8130517,134.7475936,142.2163175,141.4277968,136.1306,140.2451691,146.1104564,149.2489007,143.5923642,150.1161794,150.9694908,153.6354602,154.5157661,149.2987043,153.0819677,154.6845661,156.5615127,158.3244165,163.784703,166.5657251,162.2019594,166.2244305,167.7833345,172.9893788,165.5805288,161.9989121,170.7894408,160.7581118,165.8716857,175.9947156,167.2081465
2066,46.12210041,59.90699085,70.36148573,80.15266667,87.3480054,88.1397404,96.84590803,104.257272,104.667575,104.7575671,108.8974377,113.0966458,116.6806652,118.8434123,120.3430666,129.0545064,131.9095541,128.6330998,129.6137901,136.6059468,136.1044642,131.0437197,135.106186,140.8953388,143.7775271,138.315455,144.6359782,145.631673,148.1147228,148.7656893,144.0996739,147.9066394,149.3987865,150.972232,152.8514558,158.3330801,160.9070007,156.7438835,160.7778989,162.1419331,165.6104418,160.1715858,156.7564496,165.3015361,155.3576163,160.4431415,170.1146616,162.0012973
2067,46.71325141,60.90031446,71.57076015,81.66575742,88.99125038,89.6291661,98.49270877,105.9737871,106.370184,106.7427273,110.4889555,115.0851765,118.6953705,120.9215391,122.377894,131.1443391,134.0463188,130.7430258,131.7022761,138.924324,138.2867916,133.1109209,137.199978,143.028219,146.0342269,140.4761798,146.8975687,147.8252447,150.396517,151.1573187,146.2269724,150.0242718,151.5699785,153.2882888,155.1133064,160.5871805,163.2616675,159.0000239,163.030843,164.4882705,168.3943647,162.4068999,158.9108084,167.5767738,157.5859576,162.6870789,172.5780039,164.1437187
2068,47.33433802,61.92688707,72.80738477,83.19057263,90.6335808,91.12730702,100.1332758,107.6762746,108.0592853,108.6517671,112.070991,116.9919018,120.6200214,122.892857,124.3158793,133.1192438,136.0552246,132.733022,133.6755638,141.0677356,140.3269323,135.0670235,139.1742796,145.028993,148.1263063,142.4996156,148.9925742,149.8693673,152.5059157,153.3487206,148.2212995,152.0096659,153.5946624,155.4217609,157.2046879,162.6702589,165.4183588,161.085749,165.1117335,166.6388475,171.2954715,164.4741285,160.9188314,169.6716703,159.6511148,164.7616722,174.8132627,166.1373222
2069,42.28256743,53.11327615,61.70740293,68.47878237,74.01658089,76.53713024,83.26440084,89.77307224,90.32015741,101.4870482,95.64755023,109.7598457,114.2787885,118.1670443,118.7514235,129.3329561,133.6825319,129.0898568,129.5575227,144.1393784,138.310944,130.062304,135.396336,142.4509378,148.2635928,140.8401566,148.9987418,149.1227402,154.1482547,157.4528702,145.028594,149.1844635,151.8016728,157.8250056,158.0371491,164.1084395,169.0112433,162.7252781,166.8904399,170.4272691,145.4689621,164.6406619,158.940466,171.379242,160.3793444,166.370574,182.7049559,164.1494462
2070,44.59109481,57.25948951,67.07202217,75.91079094,82.65735399,83.94835405,92.11441343,99.2809886,99.73413661,98.24946255,104.3061033,106.5356833,109.9535409,111.7224922,113.4870741,121.8428725,124.4074437,121.2911647,122.4007258,127.9895233,128.2867066,123.9468001,127.8461569,133.3831358,135.4835048,130.6474907,136.3006956,137.7395445,139.677569,139.6388076,136.5983698,140.4664488,141.6181251,142.3110928,144.5117704,150.0428471,151.9739746,148.451593,152.4921903,153.2747911,158.160575,151.9699123,149.0596853,156.8517843,147.2318644,152.2187254,160.5328743,154.3283461
2071,47.38975461,62.01765334,72.91610563,83.3236017,90.7762506,91.25787709,100.2755456,107.8235673,108.2054382,108.8147609,112.2080194,117.1544453,120.7838064,123.0600894,124.4805582,133.286434,136.2248913,132.9013519,133.8426033,141.2473833,140.4987886,135.2327102,139.3412209,145.1977508,148.3018329,142.6701716,149.1682833,150.0412457,152.6826364,153.5315813,148.3894522,152.1770404,153.7649388,155.6001968,157.3798867,162.8446761,165.5982063,161.2604255,165.2859061,166.8182302,171.5537643,164.6472699,161.0876207,169.8467457,159.8242709,164.9353951,174.998799,166.3047376
2072,47.10299796,61.54652065,72.35069934,82.62999381,90.03131713,90.57685908,99.5322679,107.0534408,107.4413031,107.9589953,111.4918318,116.3006001,119.9229537,122.1802455,123.6145963,132.4062007,135.3309427,132.0148928,132.9631394,140.2985377,139.5925477,134.3605338,138.4619489,144.3081904,147.3750369,141.7709531,148.2404163,149.1343281,151.7490833,152.5643739,147.5029697,151.2946026,152.8665164,154.6570694,156.4543361,161.923087,164.646693,160.3375346,164.3654959,165.8692452,170.2165467,163.7325038,160.1968732,168.9211008,158.9097561,164.0174915,174.0157017,165.4209487
2073,48.97495302,64.55936769,75.92244355,86.94178786,94.62228332,94.8012568,104.0962362,111.7590482,112.1114742,113.0790047,115.8777188,121.3926552,125.0407929,127.3840514,128.7490019,137.5898736,140.5740689,137.2288105,138.1414485,145.7930369,144.8839755,139.500384,143.6272213,149.5101638,152.7478185,147.0250849,153.6160134,154.4089898,157.1456671,158.1196138,152.6825018,156.4470604,158.0916195,160.0927918,161.8017169,167.2401242,170.0994366,165.6647092,169.6712601,171.308894,178.9717141,169.0120556,165.369205,174.241812,164.1992422,169.3127661,179.6017701,170.5417993
2074,41.74984771,52.16192455,60.44286276,66.60541263,71.70977372,74.65123179,80.86769146,87.1467125,87.7229194,94.23305383,93.28759485,102.4348187,106.5480542,109.9116477,110.6332698,120.4011582,124.2011338,120.2453458,120.8185196,132.6681871,128.9023819,121.6825495,126.3923735,132.9114382,137.9711089,130.9972439,138.8076587,138.8502996,143.0495061,145.6687565,135.7762139,139.5494753,141.9377643,146.4743902,147.2020572,152.7430047,157.0768166,151.273458,155.2701253,158.2654958,142.1386538,153.8834491,148.9263466,159.8932669,149.3060027,154.7739802,168.7879703,154.0875356
2075,45.83508052,59.41888234,69.76246905,79.39452691,86.51918154,87.39237744,96.01322639,103.3863803,103.8039032,103.7183169,108.0914113,112.0532787,115.6199647,117.7418237,119.2688891,127.943576,130.768221,127.5092207,128.5033848,135.3479893,134.9325583,129.9463269,133.9912694,139.7543867,142.5566121,137.1574741,143.4115398,144.451151,146.8774795,147.4578835,142.9612439,146.7739105,148.231368,149.7123836,151.6256509,157.1115042,159.6201839,155.5215054,159.5566173,160.8607213,164.2454095,158.9610749,155.5982731,164.0647689,154.1530255,159.2278573,168.7577769,160.8482576
2076,47.3977165,62.03068303,72.93170467,83.34267518,90.79669856,91.27659629,100.295933,107.84467,108.2263778,108.8380882,112.2276535,117.1777048,120.8072402,123.0840103,124.5041169,133.3103443,136.249151,132.9254236,133.8664919,141.2730539,140.523356,135.2564065,139.365093,145.2218776,148.3269164,142.6945542,149.1933922,150.0658122,152.7078874,153.557701,148.4134916,152.2009681,153.7892766,155.6256892,157.4049198,162.8695962,165.6238937,161.2853832,165.3107905,166.8438517,171.5908708,164.6720083,161.1117445,169.8717557,159.8490139,164.9602162,175.0252883,166.328663
2077,47.8704425,62.79940415,73.84848369,84.4579346,91.98899809,92.37039512,101.4833193,109.0717892,109.4441137,110.1846802,113.3702141,118.5190024,122.1571686,124.45955,125.8600302,134.6833767,137.6403223,134.3071212,135.2382067,142.7386738,141.9300283,136.6175093,140.7348539,146.6041443,149.7596801,144.0910379,150.6272986,151.4706761,154.1488643,155.044913,149.7903911,153.5712178,155.1811045,157.078979,158.8332711,164.2909098,167.0855517,162.7090577,166.7296926,168.3019133,173.7939835,166.0831566,162.4907116,171.2964697,161.2614062,166.3758718,176.5282873,167.6953548
2078,51.53750431,68.46757274,80.41615687,92.16071972,100.0675969,99.88573788,109.458501,117.2193948,117.5338199,118.8125267,120.9922509,127.0465172,130.6852984,133.0680533,134.3776737,143.1868707,146.1887354,142.8477358,143.7301485,151.5328499,150.497302,145.053123,149.1671607,155.0319607,158.3574087,152.5998189,159.2205348,159.943129,162.740376,163.8106892,158.1654066,161.8855863,163.5653346,165.6912908,167.3292742,172.7086989,175.6333128,171.1522415,175.1136403,176.8289454,191.5339365,174.4420655,170.7552291,179.6614078,169.6710978,174.7526241,185.1589552,175.8394937
2079,45.37718078,58.63224686,68.79017275,78.15095926,85.15115417,86.1648746,94.63573168,101.9411933,102.3709511,101.9262762,106.7561293,110.250319,113.7800846,115.815557,117.4002112,125.9961835,128.7566208,125.5341523,126.5564681,133.0908378,132.8542515,128.0258396,132.033799,137.7412044,140.3737281,135.1094822,141.2205168,142.3541042,144.6607924,145.0917434,140.9518105,144.7764826,146.160163,147.4471942,149.4313329,154.9260387,157.2957436,153.3350595,157.3715217,158.5489969,162.0423495,156.7971691,153.5450899,161.8452778,152.0037749,157.0557903,166.2868119,158.8024176
2080,41.61360633,51.92184955,60.12258846,66.12217559,71.10277247,74.16326179,80.23434024,86.44859577,87.03279393,92.98336048,92.66292888,101.1622574,105.2192743,108.4984449,109.2532346,118.9044047,122.6256308,118.7461665,119.3383115,130.8128576,127.3034726,120.2429267,124.8764472,131.3172881,136.2426077,129.3659043,137.0851395,137.1508998,141.2270615,143.7311332,134.204941,137.9431406,140.2800326,144.6076651,145.4053984,150.8926186,155.1207248,149.4171344,153.3931908,156.290582,141.2587327,152.0943555,147.2512881,158.0094119,147.5000815,152.9048988,166.5819501,152.402278
2081,45.29679436,58.49314765,68.61733265,77.92814114,84.90486152,85.94471849,94.38731781,101.6799668,102.1119708,101.590894,106.5150806,109.9123526,113.4340896,115.4507627,117.047957,125.6267619,128.3732579,125.158629,126.1870543,132.6541685,132.4560607,127.6620397,131.6620268,137.3572795,139.9527088,134.7181087,140.7976196,141.9519408,144.2326139,144.6309048,140.5685004,144.395867,145.7634006,147.0083672,149.0078273,154.504573,156.8438266,152.9134666,156.9501542,158.1000189,161.6517588,156.3801301,153.1521592,161.4162045,151.5902064,156.6373114,165.8033781,158.4106814
2082,43.75951086,55.77934344,65.18737531,73.38293891,79.79049149,81.43834613,89.19866891,96.17913843,96.66107549,92.16243628,101.4633839,100.3371024,103.4166546,104.2983763,106.6997906,114.3216671,116.2614655,113.4265475,114.841632,117.3822544,119.3123704,116.6138333,120.2199204,125.2279987,125.4599806,122.1552264,126.1388111,128.7659807,129.4717926,127.753946,128.4176642,132.5119481,132.8494041,131.5737412,134.5037993,140.2778958,140.6522499,138.6986573,142.784857,142.1911043,153.858832,142.3090851,140.5383216,146.7075738,137.8236533,142.665048,147.9780822,145.8331359
2083,44.18180886,56.53423454,66.15282497,74.68777419,81.27795861,82.73520126,90.7138753,97.79457892,98.26131186,95.76075568,102.9418878,104.0091209,107.3147597,108.8033506,110.7633172,118.8769349,121.2399075,118.2235733,119.4272502,124.0380586,124.8731496,121.0490778,124.8452843,130.2091734,131.7348646,127.365854,132.5146815,134.3015508,135.8514009,135.3012886,133.4224008,137.3493856,138.2502169,138.320653,140.7499898,146.3386897,147.7932484,144.749388,148.7991304,149.1570116,156.0731533,148.3111752,145.7605674,153.0295004,143.6424748,148.5724395,155.9311005,151.0370757
2084,44.89765407,57.79811784,67.74949914,76.80094454,83.65310554,84.82995098,93.12277528,100.3472728,100.7909064,99.80450794,105.2868705,108.1092941,111.5813347,113.4807281,115.1565925,123.6288801,126.2888052,123.1219312,124.1885702,130.2380718,130.2770174,125.6977955,129.6490413,135.2688078,137.6313412,132.5836945,138.4637873,139.7501206,141.8685658,142.0615877,138.4827476,142.3280837,143.5941333,144.5773707,146.6721218,152.1832418,154.3308487,150.5917765,154.6299487,155.6068114,159.6920709,154.0846594,151.0071189,159.0466218,149.318028,154.3354723,163.0972588,156.271323
2085,47.01889007,61.40764432,72.18351926,82.42404855,89.80962059,90.37454137,99.31085665,106.8237399,107.2134047,107.7019569,111.2783507,116.0439244,119.6639308,121.9150698,123.3538332,132.1406128,135.0608785,131.7473113,132.6977721,140.0107293,139.3183924,134.0974504,138.1964828,144.0392617,147.0940673,141.4990105,147.9590688,148.8596999,151.4658445,152.2703088,147.2349189,151.0277518,152.5944866,154.3706702,156.1735129,161.6433902,164.3572949,160.0574751,164.0861038,165.5806535,169.8238962,163.4549207,159.9270917,168.6398906,158.6324096,163.7389258,173.7159626,165.1531358
2086,49.21676072,64.93822998,76.36457581,87.46473095,95.17303782,95.31213883,104.6410921,112.317181,112.66558,113.6727644,116.3993834,121.9805872,125.6294609,127.9791003,129.3375973,138.1790994,141.1671769,137.8207137,138.7299336,146.4053482,145.4793061,140.0849725,144.2123481,150.0960656,153.3468905,147.6164918,154.2149224,154.9991181,157.7451042,158.7321128,153.2651128,157.0259005,158.6759363,160.6943288,162.3949898,167.8286566,170.6981611,166.2548068,170.2577826,171.9062555,180.1170727,169.5965747,165.9460607,174.8277662,164.7866148,169.8986553,180.2083576,171.111083
2087,48.83961132,64.34633121,75.67317493,86.64597496,94.31019464,94.51212767,103.7872395,111.4421838,111.7969117,112.7409172,115.5816853,121.0576427,124.7051712,127.0445173,128.4132501,137.2533308,140.235074,136.8906857,137.8053161,145.4423393,144.5434418,139.1665042,143.2928292,149.1750359,152.4046845,146.6867977,153.2729316,154.0711136,156.8021175,157.7682301,152.3491783,156.1158112,157.7570257,159.7478487,161.4616144,166.9025931,169.7556774,165.3263253,169.3348045,170.9659134,178.3329937,168.6768257,165.0387132,173.9054839,163.8625408,168.9767164,179.2529087,170.2154641
2088,42.51569945,53.53363292,62.26292642,69.28516578,74.98967006,77.34632937,84.27076251,90.86885302,91.40421682,109.0876806,96.63661223,117.3174521,122.302127,126.472868,127.2852281,138.7475934,143.6285233,138.0860693,138.5686955,156.0497624,147.5752581,138.5549336,144.8095147,152.4186736,158.4226794,151.1504715,158.9210498,159.8238483,165.5401999,169.168511,154.4188216,159.4303283,161.8655905,169.3400583,169.0439254,176.1561448,181.1312681,174.9534786,179.4282692,183.0468872,146.8717612,175.6481144,169.3839918,183.3379371,172.164337,178.9821815,197.4686973,174.6580312
2089,43.65758908,55.59628642,64.95190935,73.06135905,79.42119122,81.11831021,88.8216644,95.77597729,96.2617823,90.9675242,101.0950965,99.11239279,102.0998267,102.7189894,105.317597,112.7375348,114.4987804,111.7301785,113.2393748,114.8999426,117.2785422,115.0715879,118.6068162,123.4670823,123.119479,120.2966689,123.7465431,126.7708163,127.109227,124.861013,126.6392578,130.8196385,130.9059315,129.0470557,132.1962068,138.0723556,137.9602046,136.499737,140.6073829,139.5892928,153.3139669,140.114179,138.6819714,144.3860677,135.7209118,140.5357023,144.9699659,143.9859337
2090,45.42325028,58.71183042,68.88893609,78.2780377,85.29145683,86.29040502,94.77718537,102.0898595,102.5183438,102.1153702,106.8933554,110.4407945,113.9749213,116.020596,117.5984493,126.2037409,128.9717503,125.7450082,126.764008,133.3349149,133.0773853,128.2303151,132.2426161,137.9566176,140.6092463,135.3289522,141.4570392,142.5794203,144.9002292,145.3488808,141.1668645,144.9900912,146.3825205,147.692398,149.6682114,155.1618339,157.5480335,153.5709343,157.6072696,158.7997182,162.2656378,157.0305257,153.7653641,162.085179,152.2352845,157.289978,166.5562662,159.0219959
2091,43.35332457,55.04820043,64.24375376,72.08589212,78.29389436,80.14645443,87.66878326,94.54002062,95.03787105,85.42668526,99.96785519,93.39569544,95.85932548,94.83211161,98.7244424,104.9777899,105.662752,103.1904942,105.3160045,101.5877557,106.5191935,107.4713459,110.6712544,114.6589912,110.4269575,110.8965687,110.6267807,116.5426191,114.5352249,108.6219753,117.6416662,122.4946694,120.9275176,115.3697761,119.9309908,126.6779751,123.2767852,125.1726356,129.467949,125.6384468,151.6606351,128.6265679,129.3423588,132.2187125,124.9576636,129.7165425,128.6672914,134.7165297
2092,42.26762453,53.08639116,61.67179769,68.42676374,73.95342771,76.48487958,83.1989953,89.70171478,90.24957187,101.173018,95.58323045,109.4449917,113.9445475,117.8125534,118.3977066,128.9413438,133.2660892,128.7074609,129.1781465,143.6323561,137.9082104,129.7021315,135.003068,142.0331722,147.8208659,140.4075664,148.5630834,148.6716302,153.6616795,156.9413238,144.6289685,148.7600611,151.3733756,157.3293248,157.5650746,163.6040315,168.4892658,162.2152468,166.3707312,169.8903476,145.3779324,164.1714227,158.5021816,170.8733021,159.8876477,165.8503989,182.0817232,163.7090549
2093,39.83341605,49.04517962,56.32767191,60.12398271,62.91662949,68.03167951,71.56707215,76.70336907,77.41079744,80.53794128,84.07488376,88.33601652,91.99964249,94.74083538,95.67077609,104.4597261,107.6801271,104.2584431,104.9377582,114.2446794,112.0210475,105.9929418,110.1425005,116.0021944,120.0439633,113.9365797,120.8694408,121.140294,124.4697921,126.2756881,118.8765646,122.3783318,124.3461895,127.5093685,128.6271238,133.7436211,137.2592054,132.2963432,136.064703,138.3345165,128.9642223,135.1530924,131.0396114,140.4469449,130.6786648,135.6388522,147.2218414,135.9979301
2094,45.94817678,59.61167193,69.99945055,79.69516879,86.84830835,87.68883354,96.34405292,103.7326293,104.1472682,104.1345902,108.411751,112.4713956,116.0453538,118.1843115,119.6999398,128.3900677,131.2274313,127.9611345,128.949684,135.8559339,135.4046459,130.3872348,134.4395185,140.21357,143.0492569,137.6237181,143.9056875,144.9269039,147.376942,147.9868535,143.4194481,147.2297508,148.7017319,150.2213351,152.1204232,157.6045379,160.1405413,156.0148395,160.0495503,161.3787059,164.7845564,159.4495613,156.0648655,164.5642568,154.6389351,159.718267,169.3074007,161.3128773
2095,52.67397023,70.13181714,82.28786437,94.27698588,102.2456891,101.9384071,111.5878324,119.3677526,119.6679862,121.0332713,123.0102374,129.2217405,132.8476033,135.2344311,136.5251262,145.3005218,148.2987252,144.9682988,145.8398232,153.6611606,152.5943775,147.1490073,151.2478271,157.0910562,160.4310359,154.680494,161.2902156,161.9916218,164.7976252,165.8912703,160.2047091,163.9021894,165.5867325,167.7410789,169.3548172,174.7026525,177.6360915,173.1560433,177.0931185,178.8254778,197.5402361,176.4204039,172.7319888,181.6220608,171.6743894,176.7329568,187.1420465,177.7723242
2096,43.83779399,55.91973227,65.36759959,73.62816992,80.0713709,81.68228531,89.4851879,96.48520843,96.96422885,92.96484839,101.7431678,101.1579946,104.2947194,105.3350439,107.6189954,115.3657326,117.4146097,114.5363302,115.8952797,118.9716448,120.6238818,117.6298274,121.28179,126.380771,126.9571708,123.3674628,127.6649529,130.0617342,130.9887673,129.583998,129.5789562,133.624936,134.1120616,133.1883101,135.9867463,141.7052038,142.3679701,140.1226084,144.1973708,143.8563704,154.2744483,143.725858,141.7509775,148.2040009,139.1883893,144.0489981,149.8943742,147.0406256
2097,45.21408391,58.34971713,68.43881876,77.69743387,84.64945778,85.71669689,94.12957832,101.4087354,101.8430832,101.2381441,106.2649034,109.5566993,113.0695727,115.0654558,116.6765351,125.2363716,127.9674686,124.7614536,125.7966372,132.1894769,132.0337588,127.2777854,131.2690018,136.9508235,139.5051562,134.3034501,140.3479497,141.5253323,143.7772406,144.1393407,140.1626589,143.993058,145.3426962,146.5411876,148.5575684,154.0566445,156.3621351,152.4654236,156.5023551,157.6216515,161.2485277,155.9370002,152.7356933,160.959809,151.1510088,156.192726,165.2870053,157.9954212
2098,46.18418875,60.01207574,70.49002823,80.31459179,87.52454094,88.29926924,97.02308491,104.4423201,104.8511036,104.9752598,109.0688312,113.3149958,116.9023094,119.0728925,120.5672633,129.2856655,132.1465329,128.8667359,129.8448216,136.8653121,136.3472095,131.2722055,135.3380117,141.1321014,144.0295958,138.5555453,144.8886929,145.8759928,148.3699238,149.0344203,144.3358748,148.1417204,149.6405002,151.2317279,153.1043659,158.5851399,161.1715257,156.9961338,161.0298757,162.4054093,165.9044032,160.4214445,156.9962882,165.5563992,155.6064449,160.6939841,170.392638,162.2399678
2099,50.87822491,67.48364399,79.29829552,90.8814621,98.74293608,98.64234865,108.1591163,115.9028535,116.2261719,117.4433461,119.7570221,125.7011984,129.3454268,131.7228275,133.0445701,141.8687405,144.8701242,141.525014,142.414244,150.1953852,149.1833666,143.7456313,147.8662578,153.7404053,157.0520489,151.2954392,157.9170682,158.6540518,161.4422063,162.4947817,156.8846597,160.6171847,162.2917632,164.3953608,166.0488902,171.4452228,174.3602814,169.8834255,173.8578388,175.5594441,188.1931582,173.1879073,169.5059991,178.4144643,168.404033,173.4967613,183.8904424,174.6145382
2100,47.98061559,62.97719643,74.05954828,84.71313828,92.26093253,92.62048324,101.7537543,109.350748,109.7209661,110.488323,113.6301752,118.8210741,122.4608156,124.7683361,126.164705,134.991082,137.9515981,134.6166194,135.5455976,143.0649642,142.2442198,136.9226261,141.0415316,146.913071,150.0787984,144.4030404,150.9465923,151.783982,154.4694523,155.3749448,150.0980156,153.8772771,155.491501,157.4019266,159.1509828,164.6068822,167.4096252,163.0256161,167.0450244,168.6252225,174.3078628,166.3969143,162.7980515,171.6127364,161.5757063,166.6905751,176.8604034,167.9997011
