years,H1,H2,H3,H4,H5,H6,H7,H8,H9,H10,H11,H12,H13,H14,H15,H16,H17,H18,H19,H20,H21,H22,H23,H24,H25,H26,H27,H28,H29,H30,H31,H32,H33,H34,H35,H36,H37,H38,H39,H40,H41,H42,H43,H44,H45,H46,H47,H48
2006,54.63841232,69.56401596,79.54827517,89.40754214,95.33476784,95.79268768,107.4901147,116.2412354,115.5430435,118.5046248,119.717569,128.0410096,132.4276046,137.690958,136.114492,146.5765309,150.6828268,148.1572199,148.1467636,156.8876324,157.8825901,149.8281415,153.7394329,160.1512964,166.570933,157.6668663,167.9035323,166.2487998,170.2247207,172.9157614,164.4659563,166.4603256,170.5608246,173.8277365,175.2774385,178.0756972,184.2211507,177.4877055,182.2281572,185.0573063,188.976849,182.3064817,177.0482755,187.9035053,175.8125904,180.520355,193.586449,183.0134384
2007,25.7375806,33.50980477,41.08741584,44.034278,48.14753181,53.89590181,54.6980783,58.80391116,60.71924374,58.81451473,67.74987444,66.85598947,68.02020556,67.93917722,69.35868346,73.58004803,73.99843071,74.12482572,75.26136211,73.37020835,78.63905215,78.82282024,78.27257525,81.92323973,81.81416208,78.19403306,82.83116499,82.86615586,82.41461268,79.19291193,87.15707941,87.35384026,88.96577007,84.26164242,88.05830979,92.47703616,91.6707592,88.04273231,89.71686646,91.10142655,91.49442413,93.95927611,94.93614469,94.35438419,88.89628289,89.87725412,89.91167179,97.71462559
2008,19.98731778,29.1805891,37.32670235,40.16260531,44.93593067,51.41234509,50.1696385,53.54619608,56.24357964,53.91459336,63.99709968,61.51355844,62.16165114,60.31633287,63.50889763,66.8373381,66.62840483,66.36710514,68.09917881,65.15108066,69.31962761,71.65557946,71.1175785,74.50619552,72.05004746,70.55546669,72.605608,74.69344455,73.38592494,68.60126647,79.32428618,80.53518124,80.71245823,74.82774326,79.00025754,84.91928487,82.15869034,79.81613474,81.29939802,81.87332211,82.03667297,85.12495893,87.32786161,85.31232606,80.95574128,82.03272436,80.11432832,89.6666987
2009,22.71516107,31.13656121,38.99479058,41.85349581,46.28819514,52.42229448,52.14716016,55.86185397,58.18180807,56.04268401,65.57947598,63.8494069,64.73893079,63.72597401,66.07060327,69.81009464,69.88995475,69.82316015,71.27153763,68.79944543,73.51316715,74.83398893,74.27689534,77.78037409,76.43638473,73.93453546,77.21626219,78.3136009,77.40384151,73.35684844,82.79745939,83.51027284,84.37303543,79.03411988,83.0307909,88.22982224,86.3881395,83.44134424,85.00617769,85.96213993,86.22476312,89.04021318,90.67343839,89.31102787,84.4508769,85.46429533,84.44824683,93.21142769
2010,24.92988521,32.85328739,40.50138118,43.41771339,47.61106863,53.46343936,53.97686032,57.97634435,59.99840671,58.02829871,67.12445067,66.00662543,67.09659065,66.76599982,68.43059569,72.5202785,72.8462644,72.92385794,74.14323781,72.09080297,77.21756398,77.70599342,77.15054137,80.75971357,80.32111292,76.99926309,81.2761992,81.59034057,81.01458428,77.57182869,85.93641133,86.26671519,87.67998985,82.80295116,86.6536556,91.2784756,90.19408824,86.74885211,88.39163424,89.66143962,90.01726106,92.58140833,93.73620904,92.93958959,87.64541512,88.63082187,88.37894672,96.44832397
2011,40.88638471,49.25795251,56.50776564,61.30275646,64.91617118,68.42786963,74.86511222,81.2420369,81.38720659,81.2489054,86.89421644,90.43677535,93.14806238,97.36415588,95.05026844,102.1946977,104.5684404,104.8305283,104.6777482,106.9291972,113.1385135,107.8974437,108.2554183,113.0234426,118.3878716,109.9077733,120.1884695,116.4576331,118.488283,119.1997663,118.8970777,117.7322989,122.4084686,121.4530691,124.1305614,125.564173,129.7605736,123.0474195,125.7251444,128.9760565,130.5343551,129.9694039,127.397483,131.8500116,122.8568119,124.5635041,130.8268055,131.7018556
2012,25.36475026,33.20468495,40.81439222,43.74650376,47.89619175,53.692665,54.36145984,58.41803153,60.3825026,58.44733253,67.45694075,66.45962475,67.58948547,67.39324051,68.92564876,73.08595709,73.46151434,73.56566756,74.74038655,72.77421219,77.97810505,78.30255017,77.74956899,81.38087981,81.11978239,77.63724254,82.10835097,82.27170538,81.7626693,78.43890216,86.58843606,86.84640683,88.36680623,83.58255813,87.40422506,91.91782749,90.9830695,87.43945849,89.0989162,90.43050506,90.80611813,93.31734555,94.37657169,93.69504897,88.31298934,89.29560661,89.19735091,97.12422583
2013,43.15860265,52.22276488,59.66552989,65.01642494,68.77309967,71.8708146,79.19046246,85.95050212,85.88433542,86.13335875,91.18550209,95.45784016,98.43005247,103.1136551,100.5212335,108.1798683,110.8659818,110.9324025,110.6762458,113.786165,119.6703146,113.75384,114.4571912,119.4541864,125.3749763,116.4375151,127.1968139,123.3170663,125.7181459,126.9176431,125.2770378,124.2260305,129.1387863,128.8322882,131.321327,132.5862033,137.3876962,130.3806483,133.3026341,136.7048356,138.5448839,137.2524068,134.1552393,139.5454635,129.9850418,131.9858806,139.3231228,138.7274788
2014,28.19287512,35.61053604,42.99727515,46.07095765,49.96830316,55.39499239,57.0802544,61.51807154,63.11536668,61.42312485,69.86715897,69.6579255,71.05212146,71.72893068,72.41708538,77.05261739,77.76048766,78.01946147,78.90782226,77.53675992,83.20231752,82.45930452,81.94286854,85.72986175,86.61556251,82.09614458,87.81271659,87.02703481,86.96055844,84.41109974,91.13146342,90.94594129,93.15169478,88.98868552,92.61816607,96.42525391,96.46817758,92.28421043,94.06432692,95.79656629,96.31434897,98.44874548,98.87401122,98.97517462,93.00049771,93.98883782,94.92009092,101.8638229
2015,37.75030529,45.42975561,52.54194155,56.71157761,60.23981063,64.27950097,69.51155363,75.37546797,75.84207027,75.23224358,81.63608224,84.20547668,86.56933571,90.02481057,88.26387689,94.72969739,96.67335335,97.08398381,97.12813139,98.3120664,104.7123794,100.4924363,100.4880823,104.9676044,109.401362,101.7188418,111.121239,107.8295782,109.3381663,109.3099992,110.8230115,109.6817905,113.8958612,112.081665,115.0097629,116.8421579,120.1016258,113.9056797,116.2946013,119.2526922,120.4773802,120.7741039,118.9458178,122.1855695,113.974687,115.3723885,120.208899,122.8938691
2016,41.12619455,49.56329217,56.82955056,61.67892483,65.30402834,68.77336691,75.30344385,81.7203876,81.8423232,81.74299266,87.32758872,90.94614757,93.68461312,97.95375086,95.60515671,102.8029932,105.2097551,105.4549537,105.2895554,107.6281074,113.8110269,108.4958495,108.8867608,113.6781546,119.1064413,110.5728295,120.9108391,117.1570827,119.2272421,119.9923397,119.5492097,118.3908188,123.0962522,122.2082973,124.8661754,126.276756,130.5403468,123.7925797,126.4946204,129.764206,131.3505693,130.7131522,128.0850938,132.634244,123.5810259,125.3158054,131.6909397,132.4173932
2017,19.61494084,28.92636618,37.11391907,39.95052021,44.77345404,51.29636122,49.92165441,53.25304041,56.00285688,53.64934955,63.80685987,61.2202808,61.83580882,59.87781963,63.18664931,66.4605766,66.21342014,65.92446054,67.69526691,64.68534605,68.77710117,71.25050076,70.71660981,74.09078285,71.48350654,70.12573784,72.00788817,74.23246793,72.8718247,67.98720197,78.88173596,80.16253324,80.2458669,74.28849146,78.48471158,84.50275225,81.61808512,79.35692888,80.8301683,81.35250738,81.50348387,84.62627368,86.90525416,84.80404512,80.5135869,81.60153473,79.56302805,89.21816914
2018,15.39459925,26.24124511,34.9277313,37.83002027,43.26915316,50.31836967,47.44343915,50.27708391,53.63697744,51.02555081,62.04673935,58.28409803,58.53542663,55.32037057,59.94945993,62.62911865,61.96786515,61.35265588,63.56027554,59.89548756,63.09105631,67.09923351,66.63140187,69.86088531,65.55954493,65.73317135,65.72445657,69.51214595,67.56874389,61.56607517,74.34873689,76.44688206,75.46344986,68.71047343,73.17122557,80.31758174,76.05186167,74.69117041,76.06692956,76.01688302,76.04433461,79.5201375,82.63359546,79.61394676,76.03078149,77.27758404,73.92305499,84.67264732
2019,38.18561,45.94283517,53.06598009,57.31330719,60.84622923,64.81533912,70.21358452,76.14749358,76.56766643,76.01925264,82.321419,85.02369067,87.43488147,91.00259697,89.1548372,95.71260055,97.71561003,98.11310866,98.12667711,99.45111225,105.8409806,101.474078,101.5128836,106.0305656,110.6031861,102.8000417,112.3375395,108.9704443,110.5518915,110.6302443,111.8937885,110.7382609,115.0245045,113.3269118,116.2208717,117.9879782,121.3831763,115.1090393,117.534959,120.5385208,121.8059778,121.9921843,120.0599442,123.4624209,115.1435576,116.5780098,121.6084652,124.0563921
2020,40.15235847,48.33447508,55.53940744,60.1739458,63.75634744,67.39586293,73.54948609,79.80457978,80.02212678,79.76721236,85.59580677,88.90718504,91.53581826,95.58463894,93.38414614,100.3664126,102.639124,102.9477494,102.8358985,104.8257026,111.1048749,106.0944267,106.3564371,111.0540919,116.2161367,107.9069109,118.0029229,114.3521625,116.2614113,116.8059737,116.9318699,115.755204,120.336039,119.1757523,121.9128796,123.424035,127.4104374,120.8079799,123.4133242,126.6035035,128.078241,127.7290615,125.3297769,129.4899969,120.6804997,122.3053289,128.2286586,129.5492299
2021,41.53465253,50.08748234,57.38382166,62.32809737,65.97491918,69.37140698,76.05978653,82.54512971,82.62797558,82.59603285,88.07623275,91.82478359,94.60973849,98.96731779,96.56236709,103.8516479,106.3146448,106.5291057,106.3431029,108.8318819,114.9656731,109.5257346,109.9745939,114.8062235,120.3406076,111.7185732,122.150652,118.3616411,120.4988991,121.3542257,120.6714391,119.5268645,124.2799176,123.5074088,126.1317298,127.5057959,131.8821314,125.0772567,127.8214883,131.1214895,132.7565399,131.9934089,129.2700699,133.9850649,124.8296562,126.613836,133.1802964,133.6501341
2022,10.35225916,23.44748721,32.78443515,35.88861774,42.18795196,49.87351368,45.17808689,47.44347891,51.57316796,48.69259027,60.79196708,55.58853834,55.41106597,50.74739278,56.94922093,58.96512474,57.85094989,56.82849474,59.54850218,55.19185023,57.28653396,63.06678636,62.71091537,65.80808716,59.54075235,61.48376845,59.26914158,64.92919553,62.33313224,55.03411179,69.95273453,73.07341798,70.81690652,63.17081983,67.94023878,76.43795412,70.58326325,70.23949646,71.5309355,70.83078457,70.74297168,74.56951121,78.61747037,74.60917391,71.77720447,73.28792279,68.45016346,80.37277126
2023,46.18844085,56.42336763,64.26381792,70.50835788,74.58028042,77.07772854,85.57875738,92.86089628,92.54795287,93.38130648,97.57193179,102.8527292,106.1842032,111.3482953,108.5845834,116.9551144,120.0513405,119.7187661,119.3889042,123.7651417,128.9286872,122.2184347,123.5100523,128.8387298,135.3080065,125.9575295,137.1029942,133.2867925,136.1624334,137.9322781,134.4894824,133.7985197,138.8635114,139.4553227,141.6839795,142.9205958,148.3970488,141.1376691,144.4375509,147.9362387,150.211333,147.7950532,144.0298832,150.7471609,140.4451214,142.9448362,151.7583465,148.9682523
2024,40.80197042,49.15089727,56.39513287,61.17121274,64.78069751,68.30723544,74.71181957,81.07468227,81.22807956,81.07616379,86.74274718,90.25860951,92.96035003,97.15757945,94.85618822,101.9818676,104.3439879,104.6118205,104.463572,106.6845518,112.9027355,107.6878999,108.0344688,112.7943114,118.1359921,109.6750067,119.9351681,116.2127848,118.229508,118.9220089,118.6687083,117.5019791,122.1676229,121.1885418,123.872923,125.3149164,129.4874953,122.7867112,125.4559561,128.7001549,130.2486652,129.7089887,127.1568612,131.5755102,122.6034389,124.3004033,130.5244274,131.4514245
2025,-1.32149493,18.22891151,29.21033864,33.20371479,41.99450693,51.2484481,42.06057383,43.05121729,49.16993579,45.76874859,60.6535266,51.83415297,50.64410691,42.83175558,52.64118266,53.22418075,51.19359742,49.21980315,53.07657292,47.35801985,46.93500379,56.57231195,56.53669882,59.45591248,48.89591319,54.65804108,47.62167916,57.52197505,53.55747456,43.40802458,62.91351987,68.54179337,63.33650422,53.78121518,59.25473009,70.86791454,61.53743669,63.31077238,64.49696699,62.43007001,62.1589891,66.63111339,72.6394044,66.655784,65.25283901,67.63549643,59.56776112,73.87785937
2026,62.41149388,83.31713146,96.94853966,112.0189072,121.4844131,119.4498051,133.5700555,143.5443455,143.113132,148.8640024,146.2843714,157.7007577,163.0789856,166.059378,168.6708265,181.0505876,185.6915431,179.273555,180.5011039,194.5033776,188.1275431,180.3431807,188.3358612,195.9399815,199.5058871,193.8339524,199.8404873,203.4281971,207.9086291,210.2502597,197.4739085,204.9999596,205.5566783,211.4305776,212.1052585,219.4118563,223.7065894,219.8536015,226.5713251,226.9090269,233.0377242,220.6489957,214.8686089,230.0030344,217.0593497,225.240096,242.0329685,221.6750721
2027,36.14523035,43.58864153,50.68112056,54.58786916,58.11711586,62.41028041,67.03295031,72.64239813,73.28468575,72.45881811,79.22887002,81.31398029,83.5058012,86.53211086,85.11545559,91.24869689,92.97507974,93.41561548,93.5802754,94.26632141,100.6650182,96.99909746,96.85348426,101.1974752,105.0962571,97.88207999,106.7544298,103.7768092,105.0164928,104.5866552,107.0114111,105.9500637,109.878944,107.6421204,110.6943333,112.7913334,115.5378023,109.6447571,111.9052119,114.6845897,115.7606872,116.4416138,114.9973508,117.6525587,109.8368189,111.1146849,115.2479659,118.7702099
2028,58.61550541,76.41833475,88.04390817,100.3074069,107.7724888,107.0401581,120.079353,129.485351,128.8282461,133.1019263,132.526202,142.3993879,147.2956694,151.736673,151.8561736,163.3139868,167.7605632,163.5045487,163.9942878,175.2663261,172.9654612,164.8427797,170.610922,177.6104764,182.9629081,175.3193355,183.8569475,184.4476834,188.7600871,191.4393528,180.7226865,185.1083042,187.7848324,192.3746622,193.4337569,198.0932382,203.6616395,198.0494755,203.7109024,205.5455968,210.501557,201.1479135,195.4898473,208.4876466,195.8282388,202.1072215,217.1369541,201.9074191
2029,33.69737226,40.93309131,48.05279598,51.62522679,55.20749172,59.8688255,63.57297282,68.8057669,69.72824973,68.60212635,75.90815464,77.2703838,79.20725761,81.54112766,80.71238215,86.35812877,87.75940112,88.19569967,88.56428296,88.54864644,94.83598264,92.04530776,91.73309213,95.88577638,98.90982662,92.4704988,100.4509337,98.04887113,98.87979321,97.81525722,101.6036045,100.7367681,104.1814344,101.3222532,104.5585806,107.1215622,109.0560791,103.6608323,105.7477084,108.2271692,109.1022022,110.3040169,109.4442993,111.2540822,104.0286756,105.1675182,108.2651048,112.9605228
2030,75.23994008,108.7875222,132.8438616,162.0925064,183.9831857,176.0649715,190.8791091,201.9317385,204.2740163,217.0753547,204.8708586,221.8160443,228.6295291,220.3317438,239.5473742,254.3992895,258.2119172,239.9922185,246.0237472,271.7455225,243.9338553,240.634638,260.1174869,270.0428226,260.8724979,268.5212662,258.2906356,278.9918785,282.528458,280.936264,262.3543404,288.5265408,274.599023,284.8041784,284.1275421,308.6200831,301.4754047,310.1567197,322.06756,311.9118558,323.5641001,296.9344511,293.3703766,316.0846439,305.0524074,323.5133788,344.359782,300.9271763
2031,20.34601013,29.42829304,37.5349436,40.37101016,45.09730427,51.52889645,50.41333385,53.8336172,56.48070317,54.17563788,64.18603601,61.8016814,62.48122378,60.74467415,63.82533137,67.20663073,67.03478469,66.79990558,68.49465946,65.60679588,69.84884265,72.05211977,71.5104734,74.91327662,72.60289768,70.97633629,73.18838054,75.1447852,73.88870317,69.20051637,79.75753418,80.90149433,81.16920114,75.35488235,79.50449806,85.32828429,82.68752721,80.26629592,81.75945523,82.38321234,82.55873588,85.61320119,87.74243918,85.8101937,81.38932452,82.45624688,80.65421744,90.10652759
2032,63.08007705,84.56585086,98.59794885,114.2198387,124.1003945,121.8180371,136.1013813,146.1678121,145.7986483,151.8347365,148.8683672,160.5623986,166.0242423,168.6705954,171.8199116,184.3569304,189.0159958,182.1607724,183.5472221,198.06356,190.8698477,183.1888047,191.6231993,199.3380226,202.5044646,197.2644307,202.726076,206.933432,211.425583,213.6719,200.5458107,208.7220651,208.8182955,214.9195801,215.5255545,223.3974416,227.3840314,223.9197501,230.8433028,230.8537987,237.2089998,224.2343706,218.462995,233.9814172,221.0193011,229.5806921,246.6672302,225.3322049
2033,22.85547986,31.2418011,39.08603918,41.94731043,46.36580229,52.48217662,52.25689255,55.98934469,58.29019855,56.16136324,65.67020917,63.97888453,64.88098026,63.91112184,66.21238626,69.97360886,70.06874977,70.01150969,71.44532271,68.99888802,73.73967483,75.00793707,74.4504475,77.96028164,76.67365627,74.11984385,77.46484312,78.51190252,77.62301285,73.61418738,82.98756612,83.67550379,84.57334681,79.26317861,83.25069204,88.4130128,86.61904106,83.6408355,85.21027808,86.18605476,86.45422613,89.25460366,90.85793663,89.53039287,84.64341649,85.65440361,84.68589719,93.40662148
2034,66.89788714,91.87569676,108.4831394,127.6143613,140.282862,136.471247,151.4808089,162.0138077,162.148044,169.9704469,164.5789838,177.8871543,183.8139842,184.064937,190.9141944,204.3056382,208.9579707,199.2558893,201.7297678,219.3791524,206.9097174,200.0833431,211.3492935,219.7192689,220.0807799,217.8284581,219.5740616,227.8728153,232.3161307,233.7984229,218.7631462,231.2687134,228.1763449,235.5777629,235.7867032,247.5181424,249.2022043,248.4623637,256.6858539,254.4154549,262.1861299,245.5531687,240.0331546,257.7784631,244.9252677,255.9530071,274.5839765,247.2194315
2035,28.36045897,35.75984511,43.13495941,46.21926776,50.10345327,55.50783135,57.25370396,61.71467312,63.29062086,61.61369009,70.02396729,69.86173811,71.27188111,72.00024485,72.63939736,77.30398532,78.03208116,78.29911913,79.1707992,77.83697119,83.52740415,82.72121575,82.20818201,86.00505727,86.95808806,82.37789184,88.16703729,87.32712659,87.28732247,84.78368051,91.41768782,91.20753339,93.45313909,89.3279395,92.94583904,96.71215315,96.81313786,92.59133388,94.3793095,96.13512861,96.66212274,98.77226479,99.15932413,99.3087944,93.29787541,94.28793392,95.28190464,102.1640898
2036,31.05188119,38.2655958,45.48212419,48.77462312,52.4770051,57.51535015,60.24159201,65.08333907,66.32309102,64.90776796,72.76958622,73.36867384,75.03970275,76.58898122,76.46235033,81.60797874,82.66877247,83.0444525,83.65455314,82.95192937,88.99522306,87.17948877,86.74349896,90.70963896,92.72823138,87.18846166,94.116142,92.44420062,92.83884327,91.06730368,96.28905803,95.71385909,98.58357632,95.08157443,98.51025654,101.643728,102.6753568,97.85174734,99.77804691,101.9071186,102.5956128,104.2826825,104.0475041,105.0040188,98.39462527,99.43570552,101.4643881,107.3017208
2037,58.91710128,76.95414808,88.72285253,101.1901333,108.7936295,107.9640459,121.0974517,130.5510077,129.9046023,134.2872158,133.5635362,143.5571444,148.492017,152.842614,153.1270243,164.6594893,169.1266795,164.7179931,165.2565777,176.7340526,174.1437591,166.0329969,171.9609797,179.007042,184.2462623,176.7306249,185.1009325,185.8982724,190.2299236,192.8945466,182.0100633,186.6127239,189.1497989,193.8410526,194.8699893,199.7067433,205.2016586,199.703025,205.4417201,207.1784724,212.2208034,202.6435635,196.9657476,210.1303061,197.4381195,203.8529661,219.0277159,203.4159978
2038,38.40338582,46.2017304,53.33129742,57.61855247,61.15464633,65.08813612,70.56966707,76.53874623,76.93589702,76.41867604,82.66957232,85.43857647,87.87355483,91.49669264,89.60662184,96.21065949,98.2434191,98.63349673,98.63212967,100.0277558,106.4105617,101.9707139,102.0319284,106.5689277,111.2099411,103.347556,112.9511588,109.5479742,111.1658438,111.2970632,112.4354695,111.2740349,115.5954915,113.9565505,116.8333542,118.5689106,122.031403,115.7188466,118.1636344,121.1894172,122.4786815,122.6085452,120.6243558,124.1089171,115.7359278,117.1894751,122.3174664,124.6451516
2039,34.34490332,41.61783085,48.72407318,52.377528,55.94005046,60.50596975,64.45179982,69.78285703,70.62988578,69.57995354,76.74652327,78.29826962,80.3017261,82.82251504,81.83172627,87.60410573,89.09052858,89.53327163,89.84583159,90.00934568,96.33783952,93.31262866,93.03920445,97.24071501,100.502163,93.85166818,102.0767351,99.51211514,100.4508358,99.55638255,102.9873636,102.0613303,105.6391645,102.9420168,106.1302318,108.563441,110.715526,105.1850837,107.3154022,109.8769062,110.8023025,111.8734897,110.8595439,112.8876396,105.5077719,106.6785688,110.0457644,114.442364
2040,44.55153908,54.11913517,61.72364086,67.46257829,71.34534613,74.17439492,82.03707085,89.03581776,88.8507465,89.35825423,94.02521715,98.75600814,101.8918416,106.8188332,104.116602,112.0990485,114.9751298,114.8791954,114.5792252,118.2534224,123.8496989,117.551714,118.5061379,123.6518704,129.8547757,120.6969892,131.6724812,127.7822018,130.4048168,131.8790675,129.4117596,128.4942579,133.5024807,133.6044249,135.9750445,137.1963933,142.3292799,135.1841818,138.2720766,141.7352895,143.7664772,141.9803419,138.5704854,144.5600033,134.6554939,136.869569,144.8798633,143.3100399
2041,35.93233877,43.3504154,50.44261892,54.31718894,57.84865221,62.17467835,66.71693775,72.29307226,72.95916486,72.10582609,78.9235009,80.94501882,83.11431344,86.08206199,84.71371533,90.80361083,92.50139235,92.94383177,93.12532513,93.74764839,100.1416407,96.55050947,96.38816639,100.7147872,104.5401136,97.39062457,106.1891624,103.2571959,104.4612259,103.9771573,106.5218372,105.4740982,109.3630704,107.0710571,110.1395272,112.2742448,114.951361,109.1000466,111.3443671,114.0988593,115.1562839,115.8855263,114.4922162,117.0717057,109.307955,110.5717031,114.6131339,118.2422377
2042,24.79247485,32.74324809,40.40367873,43.31533942,47.52275226,53.39274113,53.85710895,57.83863611,59.87895812,57.89793504,67.02142399,65.86554626,66.94294377,66.56991625,68.2763864,72.34388326,72.65429047,72.72335861,73.9568762,71.87745796,76.97955089,77.51976953,76.96369328,80.56596659,80.0712433,76.80020724,81.01568141,81.37769641,80.78093413,77.30059701,85.73287244,86.08623565,87.46558413,82.55937167,86.41922474,91.07930542,89.94769314,86.53351742,88.17112767,89.42141435,89.77108844,92.35170104,93.53659189,92.70388379,87.43729814,88.42377786,88.12361153,96.23756998
2043,45.8694602,55.96797558,63.75839903,69.90004272,73.93145395,76.49492912,84.87163701,92.09834993,91.80924811,92.57715868,96.86273902,102.0353851,105.3284607,110.4508089,107.6929735,115.9872776,119.0409423,118.758575,118.4325919,122.6686378,127.9248808,121.2917154,122.5138776,127.8062134,134.2294544,124.9105653,136.0304328,132.1921201,135.0191613,136.7338735,133.4814014,132.7400409,137.7989981,138.2945343,140.5510918,141.7787308,147.192462,139.9509692,143.2080398,146.7031317,148.9289996,146.6399186,142.9428166,149.5163014,139.2909968,141.7319376,150.3879843,147.8422954
2044,81.77117409,122.7692758,154.5363948,194.5327438,227.8063199,215.8123335,227.7246763,238.4692607,243.9656328,261.9207111,242.5693807,262.358285,269.6527433,250.9206044,284.6926422,300.0623099,302.1729531,274.8064647,284.8915499,318.1720383,274.4596046,275.5875318,303.7004339,314.9433714,294.7045611,313.6579596,290.0596045,323.9639609,325.8798453,320.4324775,299.7883833,341.4717825,314.5686359,326.8731476,325.4991424,364.945357,346.4324519,366.4634592,382.2361422,362.4660732,377.9964067,341.4378382,341.0502363,367.6069109,359.9715097,386.6921132,407.5657163,348.4785235
2045,55.47933891,70.97970123,81.27400101,91.59957425,97.81018255,98.03017305,110.024587,118.9177677,118.21385,121.4343602,122.292993,130.9380334,135.4322665,140.5760446,139.2877419,149.9613729,154.1492419,151.2998186,151.3737915,160.6228289,160.9991976,152.8965845,157.1631182,163.6952166,169.952474,161.2514513,171.2046982,169.9527042,174.0117234,176.727262,167.7907443,170.2213373,174.08153,177.6255799,178.9938448,182.1156473,188.1961317,181.6447602,186.5653951,189.2275339,193.3508353,186.1529548,180.7901154,192.0891153,179.858753,184.8662513,198.353698,186.8537849
2046,29.92151143,37.1881963,44.4646029,47.66081548,51.43261869,56.62657892,58.93941134,63.61916357,64.9985577,63.46963746,71.56344283,71.84119232,73.40152934,74.60798701,74.79769229,79.73794689,80.65723623,80.99236416,81.7107312,80.73517513,86.64160878,85.24841701,84.77467434,88.66727115,90.24242873,85.10139175,91.55771126,90.22568698,90.43653619,88.35858402,94.17925105,93.74995515,96.36153681,92.59409386,96.10300315,99.49681385,100.1383011,95.56577202,97.43111061,99.4049005,100.0223463,101.8950902,101.9231266,102.533418,96.17906675,97.1931756,98.78092252,105.0704505
2047,35.79996635,43.20299284,50.29529032,54.15016024,57.6832397,62.02961331,66.52192488,72.07739838,72.75834924,71.88806458,78.7352458,80.71729585,82.87261829,85.80377794,84.46576061,90.52879535,92.20882157,92.65221356,92.84426719,93.42723521,99.81779749,96.27331037,96.10079116,100.4166825,104.1960618,97.08707652,105.8393312,102.9361998,104.1180668,103.6001752,106.2192984,105.1803579,109.0442869,106.71806,109.7966146,111.9550741,114.5889301,108.7637302,110.9981219,113.7370132,114.7829457,115.5419289,114.1802959,116.7129175,108.9814366,110.236609,114.2210985,117.9161659
2048,50.66704886,63.13549857,71.90379287,79.836676,84.68693411,86.1779975,96.40751846,104.4724933,103.889176,105.7496971,108.4832911,115.3337262,119.2167167,124.701023,122.2126532,131.6787291,135.3455836,134.0742591,133.8031702,140.3304694,143.7225173,136.1183118,138.5973536,144.4714595,151.2459695,141.7974645,152.8716908,149.7978966,153.3090367,155.7084249,149.5946108,149.9733428,154.8254388,156.8075475,158.632636,160.3475898,166.4464632,159.1988992,163.1837708,166.5328142,169.5930097,165.1467229,160.5033769,169.3376095,158.0149127,161.5162729,172.5750929,165.9903845
2049,56.45860614,72.6513537,83.33121703,94.22747194,100.7951927,100.7290576,113.0612051,122.117681,121.4163885,124.9506078,125.3810305,134.404747,139.0245186,143.9936208,143.0869118,154.0065342,158.2833025,155.0291146,155.2154103,165.0742493,164.6784021,156.5419819,161.2468155,167.9216757,173.9482333,165.5254316,175.098573,174.3633204,178.5113952,181.2377017,171.7389993,174.7229672,178.2637243,182.1323881,183.4050157,186.9492802,192.9171106,186.6135842,191.7536146,194.1931967,198.5639589,190.7253933,185.2536415,197.0758848,184.6953584,190.0731625,204.0478584,191.4302995
2050,44.81692019,54.48717414,62.12648069,67.94366126,71.85399579,74.63048251,82.59668219,89.64118438,89.43447452,89.99314988,94.58469088,99.40381493,102.5711251,107.5403109,104.8229557,112.8677855,115.7798241,115.6489985,115.3425365,119.1276484,124.6608939,118.2933211,119.2992271,124.4740206,130.7250769,121.5310067,132.5404368,128.6556382,131.3198572,132.8441158,130.218895,129.332826,134.3544929,134.5351424,136.8829516,138.1017059,143.2938375,136.1265255,139.2475085,142.7192603,144.7885428,142.9040035,139.4355766,145.5413653,135.5718262,137.829564,145.9692285,144.2072227
2051,31.34805759,38.55399147,45.75656186,49.07651158,52.7624343,57.75950449,60.59449069,65.47918529,66.68273689,65.29812225,73.098681,73.78239564,75.48270727,77.1211928,76.91312932,82.11338398,83.21166387,83.59662708,84.17880613,83.54966178,89.62582295,87.69985394,87.27515955,91.26116971,93.3947619,87.75175533,94.80103903,93.04257806,93.48566582,91.79406445,96.85752862,96.24605357,99.18230388,95.75075508,99.15822747,102.2249696,103.3585139,98.46966369,100.4126612,102.5819608,103.289889,104.9262692,104.6217199,105.6707369,98.99367188,100.0432207,102.1889856,107.9044501
2052,56.7175747,73.09751383,83.88383676,94.93611576,101.6033438,101.4598734,113.879731,122.9789567,122.2801066,125.8995338,126.2138156,135.3384143,139.9914018,144.9077168,144.1104736,155.095025,159.3941363,156.0277978,156.2463889,166.2697761,165.6602007,157.5189406,162.3442235,169.0573273,175.0151888,166.6736755,176.1370823,175.5472397,179.7174145,182.4432893,172.7968141,175.9355481,179.3844512,183.3392748,184.5864704,188.2509544,194.1820694,187.9507649,193.1505817,195.5260581,199.9641307,191.9512934,186.453177,198.4149209,185.9970167,191.4766926,205.5795015,192.6593704
2053,43.54748291,52.7461925,60.23064491,65.68611678,69.47492328,72.49882585,79.9699818,86.79640133,86.69616743,87.01568106,91.96204509,96.36150568,99.37912423,104.1342491,101.5061871,109.2545953,111.9939217,112.0184405,111.7484551,115.0129227,120.8238072,114.7981589,115.5684424,120.6063204,126.610688,117.6068152,128.4327323,124.5435524,127.0069784,128.285188,126.4141926,125.3952833,130.3387621,130.1454952,132.6016949,133.8495204,138.7468423,131.6977613,134.6647781,138.0866467,139.9785939,138.5520886,135.3667943,140.9224662,131.265579,133.3233132,140.847407,139.9855384
2054,56.17777447,72.16945041,82.7360058,93.46549939,99.92773907,99.94467285,112.1809236,121.1908273,120.4877251,123.930614,124.485597,133.400263,137.9840197,143.0072133,141.9858839,152.8350291,157.0870053,153.9519996,154.10451,163.7864686,163.6178663,155.4886475,160.0650272,166.6986461,172.7960334,164.2887578,173.9765086,173.087736,177.211149,179.9363601,170.5983417,173.4185021,177.0553388,180.8307141,182.1308549,185.5488129,191.5531422,185.1744915,190.2505307,192.7571165,197.0557751,189.4038902,183.9618988,195.6333918,183.2945235,188.5637388,202.3991355,190.1063595
2055,42.15164923,50.88912645,58.2359605,63.32912371,67.01317538,70.29790142,77.22580091,83.81501004,83.84000376,83.91231622,89.23239271,93.17862354,96.03427101,100.520696,98.03743987,105.4659768,108.0138655,108.1770517,107.9621201,110.6823505,116.7317204,111.1069537,111.6478751,116.5413158,122.229361,113.4804994,124.0459225,120.2129409,122.4510323,123.4399467,122.3941378,121.2776645,126.0971344,125.5003671,128.0736412,129.3992622,133.9416441,127.0551146,129.8649667,133.2074433,134.9181955,133.9595944,131.0932166,136.0617714,126.7521716,128.6147859,135.4722302,135.545885
2056,42.00000046,50.69099891,58.02484976,63.08079326,66.75519317,70.06758337,76.93657133,83.50019255,83.53926917,83.5856789,88.9453883,92.84288355,95.6811039,100.1364055,97.67161626,105.065802,107.5928349,107.7691743,107.5611023,110.2239358,116.2952136,110.7154598,111.2332398,116.1113729,121.7624049,113.043946,123.577592,119.7543637,121.9677341,122.9241246,121.9676489,120.8434454,125.6472218,125.0071095,127.5929701,128.9297318,133.431793,126.5648037,129.3583136,132.6907489,134.3826508,133.4727235,130.641397,135.5472913,126.2755633,128.1184676,134.9041755,135.0761715
2057,28.67668161,36.04369333,43.39739825,46.50247523,50.36239755,55.72453592,57.58490737,62.08973884,63.62553359,61.97779205,70.3242684,70.25084731,71.69117315,72.51671632,73.06377644,77.78347285,78.54989322,78.83176683,79.67207981,78.409146,84.14566539,83.22033426,82.7141357,86.52986388,87.60968474,82.91507502,88.84069829,87.89916243,87.90981601,85.49257832,91.96312775,91.70705374,94.02758069,89.97403837,93.57002321,97.25978946,97.47033083,93.17720919,94.98024468,96.78047627,97.32510871,99.3888517,99.70363441,99.94486484,93.86522379,94.85897057,95.97182343,102.7368024
2058,38.13993033,45.88871755,53.01059549,57.24963776,60.78196485,64.7585198,70.13930751,76.06585231,76.49087175,75.93595504,82.24884088,84.93713687,87.34334726,90.89937489,89.0605866,95.60866704,97.60544087,98.00442335,98.02115568,99.33073474,105.7219276,101.3703751,101.4045501,105.9181994,110.4763817,102.6857581,112.209263,108.8498786,110.4236834,110.4909108,111.7806755,110.6264937,114.9052747,113.1954063,116.0929581,117.8667777,121.247808,114.9817897,117.4037822,120.4026378,121.6655555,121.8634905,119.9421522,123.3274685,115.0199499,116.4504573,121.460497,123.9335045
2059,39.68386939,47.75384387,54.93432247,59.47108555,63.03735302,66.75703827,72.73009626,78.90797175,79.17267088,78.84538661,84.78902357,87.95396947,90.53027406,94.46865226,92.34594935,99.22576304,101.4340594,101.7684541,101.6844707,103.5111315,109.8265187,104.9661165,105.1705895,109.8242442,114.8518869,106.6570681,116.6281794,113.0361047,114.8675522,115.3034623,115.7018256,114.5234041,119.0390452,117.7492208,120.524095,122.0900754,125.9392251,119.4109737,121.9716978,125.120439,126.5436479,126.3275364,124.0389915,128.0153529,119.3230163,120.8987523,126.6069751,128.2047063
2060,77.33635919,113.2124526,139.5581507,171.9589485,197.0313708,187.8943816,202.1072038,213.1432368,216.3400265,230.6622522,216.3583792,234.2235672,241.2170783,229.9571693,253.3377648,268.4295192,271.8098358,250.9047566,258.1097464,286.1363563,253.6023908,251.5626611,273.5929092,283.9326576,271.5702765,282.4933223,268.3664191,292.9650821,296.0756585,293.388463,274.0712057,304.7199625,287.0997427,297.9908734,297.0901026,325.864211,315.5407043,327.45082,340.4987451,327.6222965,340.4349083,310.8281296,308.1109695,332.0712243,321.915894,342.7668134,363.8201436,315.6724361
2061,32.05730271,39.25501867,46.42723797,49.81680415,53.46632353,58.36364644,61.45978038,66.4481721,67.56571328,66.25629371,73.90925105,74.79640575,76.56732358,78.4181917,78.01782001,83.35027637,84.53899191,84.94375814,85.45991022,85.01015544,91.15962217,88.97065259,88.57551774,92.61013911,95.01684418,89.12898387,96.46591308,94.50489474,95.06443715,93.5635554,98.24569463,97.55087683,100.6443958,97.38309972,100.7394546,103.64914,105.0260377,99.98207148,101.9663273,104.2310491,104.9869544,106.4983489,106.0270609,107.3006549,100.4601644,101.5324535,103.9612309,109.3789184
2062,67.50566105,93.06622268,110.1301263,129.8797712,143.0639684,138.9900231,154.0776659,164.6741288,164.9141385,173.0470903,167.2332182,180.8023038,186.8006499,186.5891098,194.1319744,207.6511232,212.283318,202.0706064,204.7471533,222.9269678,209.5199273,202.8723115,214.639743,223.1175021,222.946842,221.2552488,222.311168,231.3503323,235.7664522,237.0913883,221.7671697,235.0645601,231.3709816,238.9791311,239.1242308,251.5754351,252.8016035,252.5798126,261.030923,258.327903,266.3437965,249.0776791,243.6314426,261.7356126,248.9366368,260.406099,279.2584135,250.8609055
2063,49.80066598,61.79146894,70.34570466,77.91452148,82.58137335,84.27937359,94.17841771,102.0918656,101.5505281,103.1957115,106.230637,112.7698833,116.5445562,122.0093081,119.4111152,128.6621465,132.2235068,131.1701838,130.8699212,136.953599,140.760706,133.2999406,135.5163863,141.2798818,148.0489038,138.5652009,149.7202274,146.436232,149.8323013,152.1326756,146.5341348,146.6490698,151.5896629,153.297525,155.2023744,156.7690601,162.7892551,155.4973263,159.3367721,162.7469152,165.6408669,161.6246236,157.1381408,165.5489042,154.4134683,157.6936547,168.314533,162.5191283
2064,45.25764636,55.10313053,62.80314213,68.75340753,72.71212737,75.40031407,83.53843603,90.65909819,90.41720985,91.06226112,95.52703598,100.4935679,103.7133616,108.7494906,106.0113306,114.1602295,117.131775,116.9400874,116.6242216,120.5959931,126.0185624,119.5377243,120.631807,125.8553749,132.1822402,122.9321366,133.9925735,130.1223713,132.8552077,134.4607733,131.5730716,130.7436416,135.7840946,136.0960686,138.4058203,139.6245049,144.9120833,137.7109498,140.8879626,144.3715752,146.5053456,144.4542127,140.8893052,147.1896604,137.1125815,139.4450579,147.8003243,145.7143772
2065,33.62158725,40.85377836,47.97533715,51.53861994,55.12345364,59.79586772,63.47178999,68.6931489,69.6245221,68.48962699,75.81187869,77.15200263,79.08112352,81.39296401,80.58346211,86.21449714,87.60584732,88.04115899,88.41638744,88.38007708,94.66208307,91.8989805,91.58245785,95.72951024,98.7255239,92.3111712,100.2626038,97.88001577,98.69834251,97.61381139,101.4438209,100.5842506,104.0131155,101.135092,104.3770231,106.9554719,108.8644167,103.4851352,105.5670382,108.0367862,108.9060517,110.122834,109.2811393,111.0656187,103.858202,104.993521,108.0597591,112.7896308
2066,40.76754006,49.10729595,56.34928802,61.11768915,64.72559841,68.25817838,74.64944499,81.00657594,81.16333632,81.00588289,86.68112796,90.18610977,92.88395957,97.07346644,94.77721341,101.8952528,104.2526327,104.5227786,104.3763918,106.5849726,112.80671,107.6025966,107.9445412,112.7010534,118.0334158,109.5802668,119.8319992,116.1131208,118.124161,118.8089032,118.5757395,117.4082588,122.0695761,121.0808448,123.7680335,125.2134864,129.3763239,122.6806127,125.3464105,128.5878505,130.1323818,129.6029795,127.05893,131.4637801,122.5003265,124.1933469,130.4013641,131.3494954
2067,61.10771703,80.91041362,93.80201365,107.8475216,116.5601211,114.9924003,128.7690808,138.5562423,138.0241221,143.2409817,141.3854051,152.2652095,157.4790671,161.0425615,162.6931211,174.7611988,179.352173,173.736982,174.6802537,187.7090032,182.8403202,174.8928329,182.0681874,189.4600147,193.7300915,187.2905245,194.272545,196.7322676,201.1738443,203.6697838,191.5872875,197.9316943,199.3086953,204.7399926,205.5478395,211.8402563,216.6609151,212.1202206,218.4540962,219.3730079,225.0775453,213.7862937,208.015766,222.4075582,209.5285135,217.0076722,233.2118144,214.6945506
2068,36.08832733,43.52483041,50.61718398,54.51527159,58.04506432,62.34702901,66.94819657,72.54873,73.19736928,72.3641326,79.14693401,81.21503269,83.40082596,86.4115178,85.00771751,91.12935541,92.84808806,93.28917786,93.45831877,94.12728061,100.5248188,96.87886041,96.7287313,101.0680656,104.9472676,97.75032543,106.6030224,103.6375168,104.8676697,104.4233572,106.880191,105.8224149,109.7406733,107.4890783,110.5456412,112.6526658,115.380625,109.4987009,111.7548231,114.5275744,115.5986578,116.2925574,114.8619141,117.4968421,109.695009,110.969062,115.0777598,118.6286597
2069,56.21485425,72.23296371,82.81435281,93.56572056,100.0417441,100.047757,112.2967151,121.3127804,120.6098677,124.0647519,124.6033705,133.5324142,138.1209257,143.1371638,142.1307266,152.9891809,157.2444636,154.093866,154.250764,163.9559844,163.7576464,155.6273609,160.2205728,166.8596233,172.9478757,164.4515358,174.1244143,173.2556646,177.3823749,180.1078233,170.7485634,173.5901141,177.2144734,181.0021573,182.2986693,185.733064,191.73277,185.3638496,190.448288,192.9461754,197.2543015,189.5779048,184.131915,195.8232807,183.4788458,188.7622873,202.6160976,190.2806366
2070,53.4273095,67.55799742,77.12893511,86.3537581,91.90858571,92.6969972,103.9569407,112.5010275,111.8232097,114.4282552,116.1307321,123.9969066,128.2289391,133.6175806,131.6872174,141.8444931,145.825586,143.7292321,143.6158876,151.649564,153.4652329,145.5101444,148.9428761,155.1854512,161.7832412,152.6427382,163.2201922,161.0500724,164.8962701,167.5282377,159.7850012,161.2115015,165.6057271,168.4763961,170.0422214,172.4351061,178.6255295,171.6771706,176.1709643,179.2037259,182.8435867,176.8972187,171.8065026,182.0320174,170.1574934,174.4619167,186.9177707,177.6277771
2071,59.12746861,77.32917704,89.19933486,101.8106463,109.512661,108.6146292,121.8129984,131.299512,130.6612628,135.1206879,134.2927102,144.370547,149.3323182,153.6173536,154.0200217,165.6044457,170.0855272,165.568466,166.1420831,177.7640071,174.9684107,166.8674505,172.9085931,179.9872538,185.1446714,177.7211084,185.9713649,186.915958,191.2604656,193.9136696,182.9125227,187.6697473,190.1067346,194.8688071,195.8766665,200.8402931,206.2812696,200.8643775,206.6576223,208.3240273,213.427279,203.692332,198.0017049,211.282909,198.5688229,205.0799228,220.3553993,204.4745864
2072,74.49714306,107.2351854,130.5216694,158.7165629,179.5742667,172.068736,187.0327057,198.0748467,200.1466056,212.4371307,200.9358291,217.5545746,224.2993219,216.9677265,234.8163293,249.5688283,253.5110174,236.1879418,241.8317467,266.7640143,240.5401993,236.8311867,255.4600953,265.2406967,257.1217693,263.6887693,254.7508635,274.1477033,277.8149022,276.5788491,258.2734262,282.9668518,270.247275,280.2070703,279.6098114,302.6960928,296.5779544,304.2039487,315.7336631,306.4648248,317.7244639,292.1033249,288.2760075,310.5472161,299.2487509,316.9176371,337.6515007,295.8216569
2073,48.09490511,59.20863663,67.39106418,74.29697053,78.6503895,80.73816008,89.98006774,97.59489313,97.15134593,98.39647355,101.9963865,107.9335816,111.497149,116.8614519,114.1293828,122.9609852,126.3071092,125.6303583,125.298515,130.5479288,135.0681207,127.9325031,129.6794037,135.2322523,141.9127428,132.4382877,143.655525,140.0535014,143.2112705,145.2836122,140.7024313,140.3805622,145.426323,146.6014364,148.6609753,150.0169329,155.8208735,148.5031961,152.0749083,155.5581933,158.1454466,154.9223198,150.7641215,158.360452,147.6093162,150.4936554,160.2563153,155.9358705
2074,46.75410647,57.2384667,65.17260694,71.60498578,75.75327651,78.13189758,86.8532041,94.23382915,93.87996127,94.83175758,98.85133448,104.325095,107.7249773,112.9574772,110.190985,118.6973677,121.8685909,121.4419056,121.1075954,125.7365548,130.7253946,123.8824968,125.3019151,130.6958617,137.2394453,127.8403881,139.0219019,135.2543827,138.2152791,140.0798004,136.2993244,135.7055242,140.7749021,141.5383898,143.7172889,144.9773407,150.5596473,143.2740823,146.6517293,150.1525982,152.517068,149.8698189,145.9854776,152.9600821,142.5229899,145.1307766,154.224542,150.9929493
2075,60.83016482,80.40300019,93.14409155,106.9798485,115.5414188,114.0703814,127.769883,137.5160308,136.9657152,142.0725838,140.3661628,151.1325955,156.3112719,159.987573,161.4481712,173.4491352,178.0270866,172.5744762,173.4614988,186.2878881,181.7252958,173.7495268,180.758243,188.1054967,192.5129775,185.9224714,193.0975523,195.3306689,199.7613353,202.2848402,190.3519818,196.4591533,197.9979259,203.3351766,204.1712259,210.2623509,215.1826029,210.5071418,216.7622189,217.7954848,223.4126652,212.3474847,206.5835668,220.8183874,207.9577774,215.294317,231.3706268,213.2343199
2076,94.3906738,151.1347242,202.7721323,272.541518,344.4810517,321.9640656,315.5562914,322.8758872,339.6567141,371.7120349,332.4213087,357.141594,364.4412374,314.3801181,391.1346439,404.9182336,400.1658134,348.1754331,369.5912065,420.7062654,336.190988,350.0318147,401.0354351,414.9998291,363.564107,413.9444863,353.9800162,422.2875911,418.3900134,401.7469094,379.1472612,465.5925935,399.5758503,415.5232288,412.8335918,496.4110386,441.909236,495.9632781,522.2840299,472.9044227,498.2642045,436.7966607,447.6000038,480.9114013,486.4407089,537.2497462,551.3245362,453.3497653
2077,76.69539066,111.8528676,137.4802177,168.8887659,192.9450505,184.1893171,198.6154095,209.664055,212.5848556,226.4293816,212.7858163,230.3700741,237.3108457,226.9940651,249.0523041,264.0774105,267.6006475,247.5411507,254.3748228,281.6846815,250.6324678,248.19149,269.4211068,279.6332444,268.2823487,278.1693474,265.2727945,288.6458747,291.8958344,289.5575877,270.4579935,299.6896998,283.2438303,293.9263099,293.0940693,320.5091968,311.2026578,322.0856352,334.7760803,322.7663707,335.2159226,306.5400617,303.5473496,327.1275224,316.6838844,336.7792943,357.7874536,311.1117139
2078,81.66948904,122.5473776,154.1812588,193.9885068,227.0491145,215.1250923,227.1081943,237.863803,243.2992754,261.1643109,241.9386136,261.6839823,268.9729217,250.4312628,283.9398189,299.3070397,301.4526155,274.2464991,284.2593455,317.4135501,273.9756912,275.0233219,302.9858741,314.2077301,294.1669829,312.9191341,289.5569157,323.2316701,325.1795944,319.8023305,299.1850691,340.590442,313.9237527,326.196508,324.8333215,364.0090301,345.7074435,365.5316621,381.236731,361.6430971,377.1070064,340.7179985,340.2683815,366.7663593,359.0623362,385.6351044,406.5233209,347.7020663
2079,46.93100702,57.49534115,65.46010657,71.95265847,76.12604402,78.46704039,87.25717168,94.66864196,94.30234118,95.29181451,99.25718569,104.791601,108.2129576,113.4653356,110.700028,119.2490669,122.4436081,121.986133,121.6510843,126.3601673,131.2916174,124.4083262,125.8689494,131.2835234,137.8483772,128.4361227,139.6264084,135.8766423,138.8639456,140.7572439,136.8711344,136.3098092,141.3788585,142.1962798,144.3595449,145.6289463,151.2429015,143.9506414,147.3531,150.8535175,153.2464913,150.5255734,146.6043857,153.6600731,143.1810351,145.8236466,155.005309,151.6334985
2080,65.21171857,88.61058828,104.019297,121.5227069,132.8677359,129.7562188,144.4918581,154.8323445,154.711364,161.7107161,157.4374703,170.0271097,175.7515874,177.1662221,182.245144,195.2694278,199.949135,191.5796775,193.5345455,209.7582516,199.7479434,192.4876837,202.4365685,210.5124536,212.2252428,208.5415416,212.0576204,218.43162,222.9217149,224.7884824,210.577078,221.0369466,219.4744203,226.3016429,226.6868476,236.5766272,239.3960077,237.3432437,244.9656516,243.7926452,250.9120197,235.9616466,230.2869237,247.0422746,234.0936617,243.9684229,261.9477607,237.3424136
2081,30.41506169,37.65410614,44.90310923,48.13973468,51.87995644,57.00633178,59.49936003,64.2494712,65.56760886,64.08759838,72.08044554,72.49819093,74.10665349,75.46321929,75.51376816,80.54309154,81.52385689,81.87765901,82.5484377,81.69060982,87.65895996,86.08094983,85.62267373,89.54693769,91.31654432,86.0005403,92.66401831,91.181747,91.47262355,89.5286953,95.08888129,94.59447035,97.3195453,93.66733291,97.14135161,100.4204306,101.2324603,96.54993166,98.4413573,100.4832632,101.1311333,102.9242939,102.8377157,103.5978592,97.13278843,98.15764892,99.93677278,106.0313347
2082,43.26642462,52.36742474,59.82148442,65.20108859,68.96643951,72.04377959,79.40542498,86.18384767,86.10817,86.37661022,91.39955707,95.70707481,98.69185505,103.3955552,100.7928773,108.4763531,111.1772319,111.2322937,110.9721827,114.1247236,119.9890983,114.0421538,114.7638232,119.7721039,125.7164289,116.7601856,127.5384276,123.6555728,126.0739746,127.2954463,125.5909975,124.5484996,129.470079,129.1949131,131.674864,132.9346447,137.7629533,130.7439906,133.6783638,137.0862147,138.9405411,137.6111917,134.4895301,139.9254818,130.3382874,132.3547011,139.7436658,139.0746464
2083,40.43853075,48.69251236,55.91397584,60.6100032,64.20365199,67.79366139,74.05775882,80.36022961,80.54933703,80.33941246,86.09700078,89.49825182,92.15901261,96.27390724,94.02794651,101.0731983,103.3852876,103.67668,103.5484667,105.6393939,111.8932659,106.7922414,107.0908074,111.8156889,117.0578535,108.6807665,118.850411,115.1666791,117.1233364,117.7334692,117.692512,116.519129,121.1381437,120.0574566,122.771406,124.2510902,128.3201201,121.6736747,124.3068748,127.5213573,129.0282572,128.5960258,126.1293003,130.4028656,121.521759,123.1777763,129.2332267,130.381758
2084,86.64846817,133.5494454,172.2076815,222.1671712,267.2643484,251.651226,258.9570421,268.8959203,277.82284,300.505178,274.5241202,296.3492485,303.8182216,274.8332362,322.7247712,337.9587852,338.0394813,302.2829773,316.1848706,355.8473929,297.9491567,303.3488781,339.2967664,351.568873,320.8431581,350.413905,314.4280759,360.2424233,360.3524174,351.1642497,329.4377715,385.9308274,346.2875685,360.0739122,358.1841061,412.1246723,382.0790165,413.2363926,432.5584745,403.2285877,422.1793403,376.9126428,380.0049276,409.3120871,405.6237315,440.2385148,459.7401444,387.0320697
2085,49.6636843,61.58093635,70.10291287,77.61589166,82.25528273,83.98543588,93.83199756,101.7214674,101.1872595,102.7991608,105.8808171,112.3711959,116.1288068,121.5884603,118.9755634,128.1927074,131.737134,130.7165881,130.4125463,136.4273258,140.2967282,132.860016,135.0364652,140.782695,147.5483463,138.0616063,149.2262986,145.9121336,149.2896226,151.5732754,146.0563158,146.132204,151.0845532,152.7492742,154.6666615,156.2125286,162.2182867,154.9213417,158.7383894,162.1566606,165.0249856,161.075026,156.6139852,164.9583927,153.8530889,157.0995784,167.6513126,161.9781852
2086,131.0375773,238.675908,384.8132538,644.2542614,1203.389158,1126.920901,722.5903791,677.1001162,801.0403681,929.4655107,748.5111304,769.939861,762.6908859,518.3765929,867.0572111,837.0021043,771.5522475,591.6704183,672.8850395,799.7885576,525.6141649,602.893238,772.0691475,794.1944968,577.1944111,790.843217,548.478651,777.0591237,733.7302061,659.2679878,645.9617337,1010.806703,687.3549868,709.6035007,703.6820145,1066.083943,763.9890778,1031.698251,1122.902464,870.4953936,943.5501847,764.9997139,854.8867872,895.7044334,1011.984349,1233.489984,1126.104033,840.5087293
2087,62.08731892,82.71518515,96.15754741,110.9669073,120.2383603,118.3218258,132.3596988,142.2883501,141.8296119,147.4449955,145.0490637,156.3314245,161.6689339,164.8026389,167.1644384,179.4672909,184.0975913,177.8853088,179.0390455,192.7957026,186.8053784,178.9757515,186.7598217,194.3107115,198.0608583,192.1889255,198.4486803,201.7460605,206.2187782,208.6026417,195.9973796,203.2190984,203.9892388,209.7529759,210.4608706,217.5045517,221.9391737,217.9066276,224.5267695,225.0159014,231.0369858,218.9266617,213.1453933,228.094383,215.1632985,223.1646418,239.813037,219.9207487
2088,39.03245744,46.95786737,54.10959209,58.51623526,62.06465475,65.89405704,71.61668395,77.68791813,78.01936283,77.59403969,83.69525732,86.65800642,89.16210351,92.94245769,90.93456028,97.67329614,99.79217686,100.1575258,100.1144309,101.719129,108.0744492,103.4261546,103.5552473,108.1488987,112.9832583,104.9540696,114.7428541,111.2417932,112.9647319,113.2469953,114.0227217,112.8490683,117.2687464,115.8004114,118.6273656,120.2761225,123.9305737,117.5097972,120.0104601,123.0983487,124.452178,124.4152553,122.2812781,126.0054901,117.4758162,118.9872417,124.39886,126.3729007
2089,83.13729579,125.76222,159.3604686,201.9688943,238.2286542,225.2735233,236.1424793,246.7172961,253.0720156,272.269341,251.1821707,271.5523444,278.9139504,257.5324002,294.9637883,310.3466102,311.9597233,282.3817503,293.4661275,328.4699282,280.9849487,283.2264655,313.4100785,324.9378066,301.9572378,323.6934358,296.835402,333.8985049,335.3620962,328.9416976,307.9538282,353.4912415,323.2988616,336.0267602,334.507625,377.7105277,356.2463082,379.1529887,395.8586189,373.6302062,390.0720617,351.1884089,351.6747559,379.0152364,372.3540943,401.1248416,421.7496709,359.0191826
2090,88.78610198,138.3517913,180.3420833,235.2535731,286.653788,269.2833491,273.7007325,283.0966077,293.8714971,318.8965396,289.6074663,312.282416,319.7651815,285.5698106,340.6070331,355.6071361,354.5633878,314.6887802,330.484628,373.1463836,308.4014272,315.9308109,355.7076747,368.4407748,332.5003807,367.3276791,325.2523222,376.8396497,375.9866108,364.9252613,342.8530329,406.7916233,360.6557169,375.0637055,372.9503354,434.2266958,398.2178954,435.0306279,456.1086977,421.8716969,442.469624,393.0251378,397.9684045,428.4322306,426.905814,465.5126958,483.9525732,404.7259137
2091,40.41134744,48.658393,55.87823356,60.56836198,64.16089645,67.75562612,74.00922407,80.30718783,80.49898466,80.28476071,86.04911824,89.44181831,92.09952201,96.20818678,93.96647679,101.0057326,103.3140807,103.6071595,103.4804784,105.5617517,111.8181322,106.7256755,107.0207225,111.7430064,116.9776263,108.606918,118.7696567,115.0889615,117.0411195,117.6450506,117.6199559,116.4461877,121.0616306,119.973367,122.689522,124.1721284,128.2333503,121.5910384,124.2215727,127.4337804,128.9376027,128.5133186,126.0529922,130.3157571,121.4414535,123.0944686,129.1373455,130.302309
2092,55.62958128,71.23457063,81.58629553,91.99746765,98.26093594,98.43766825,110.4844914,119.4028837,118.6987054,121.9664843,122.7605276,131.4633759,135.9768593,141.0963545,139.8633306,150.5747402,154.7766871,151.8671218,151.9573356,161.298663,161.5602143,153.4508403,157.7828784,164.3366887,170.5614963,161.9002034,171.7986704,170.6225888,174.6958219,177.4142692,168.391165,170.903439,174.7174368,178.3111628,179.6648101,182.8481838,188.9140192,182.3981265,187.3517447,189.9817366,194.1422858,186.8479709,181.4674976,192.8463296,180.5920498,185.654854,199.2173179,187.5486289
2093,43.66424599,52.90426327,60.40174951,65.88918178,69.68809275,72.68965514,80.20632,87.0527118,86.94237781,87.28330623,92.19764961,96.63540965,99.66670338,104.4427768,101.8047504,109.5802101,112.3354903,112.3469193,112.0730181,115.3843372,121.1721663,115.1141319,115.9049825,120.9552327,126.9839823,117.9608945,128.8058853,124.914839,127.3969134,128.6984604,126.7582228,125.7497181,130.7018206,130.5426734,132.9889796,134.2324098,139.1580191,132.0968315,135.0775612,138.5049474,140.412696,138.9453823,135.7337468,141.3393773,131.6535803,133.7287901,141.3091499,140.3664869
2094,41.86227669,50.51168247,57.83406729,62.85656362,66.52248277,69.85988622,76.67539464,83.2158106,83.26775461,83.29079807,88.68634343,92.53966249,95.36208521,99.7888102,97.3412363,104.7042949,107.212381,107.4003527,107.1986532,109.8096489,115.9001646,110.3615272,110.8585827,115.722879,121.3398666,112.6494571,123.1536765,119.3399052,121.5307885,122.4574648,121.5820596,120.4513042,125.2404686,124.5610762,127.158345,128.505661,132.9708231,126.121882,128.9006716,132.22376,133.8986811,133.0326004,130.2331677,135.0823467,125.8450293,127.6702788,134.390959,134.6517186
2095,37.4793648,45.11337703,52.21998346,56.34266974,59.869078,63.95229055,69.08109709,74.90165389,75.39742533,74.74999566,81.21658747,83.70361624,86.03816078,89.42282987,87.71740981,94.12637773,96.033174,96.45085888,96.51451302,97.61219694,104.0165917,99.88886664,99.85872593,104.3148004,108.6607225,101.0547225,110.3710897,107.1285491,108.5917607,108.4967445,110.1645707,109.0338961,113.2018794,111.3155343,114.2647766,116.1392626,119.3134666,113.1670912,115.5334597,118.4625658,119.661178,120.0252953,118.2617743,121.4011506,113.2573212,114.6330868,119.3495717,122.1798888
2096,47.30903455,58.0473996,66.07975949,72.70321843,76.93220709,79.19204736,88.12913013,95.60657791,95.21430883,96.28532827,100.1336981,105.7982265,109.2655987,114.5579681,111.798554,120.4390112,123.6831475,123.1576627,122.8221024,127.7041633,132.5085015,125.5406702,127.0913596,132.5503574,139.1574487,129.7202518,140.9252053,137.2174859,140.2607926,142.2142253,138.1023569,137.613842,142.6794008,143.6124615,145.7422011,147.0348904,152.7140785,145.4099665,148.8662447,152.3638328,154.8186153,151.9379406,147.9387196,155.1686443,144.6004671,147.3191692,156.6890423,153.0141183
2097,58.85206101,76.83841301,88.57602017,100.9990856,108.5724517,107.7639284,120.8771233,130.3204536,129.6716424,134.0306459,133.3390295,143.3066349,148.2331878,152.6036373,152.8520245,164.3684061,168.8312199,164.4557262,164.98364,176.4166471,173.8892578,165.7757131,171.668988,178.704998,183.9690367,176.4254054,184.8322707,185.5846075,189.9121888,192.5801412,181.7317929,186.2871957,188.8547451,193.5241156,194.559562,199.3576279,204.868772,199.3452921,205.0672309,206.8253935,211.8490021,202.3202303,196.6465365,209.7750855,197.089831,203.4751665,218.6187026,203.0897624
2098,47.2741305,57.99624854,66.02224368,72.63348227,76.85722303,79.1246,88.04812215,95.51947478,95.12956868,96.19299945,100.0522396,105.7047259,109.1678423,114.456663,111.6965106,120.3285122,123.5680831,123.0490053,122.7134307,127.5794194,132.3957514,125.4356233,126.9778807,132.4327572,139.0361341,129.6010522,140.8048864,137.0930482,140.1312089,142.0791679,137.988145,137.4927106,142.5587528,143.4811143,145.613956,146.9043041,152.5776081,145.2744483,148.7257114,152.2236686,154.6726926,151.8069025,147.8148454,155.0286273,144.4686513,147.1802315,156.5327057,152.8859684
2099,46.52109092,56.90153827,64.79630697,71.15046997,75.26659241,77.69443407,86.32503509,93.66506228,93.32783911,94.23047171,98.32092646,103.7150171,107.0866718,112.2918771,109.5253293,117.9756479,121.1160553,120.7289329,120.3960734,124.9202879,129.9827093,123.1938152,124.559863,129.9267959,136.4409214,127.0607084,138.2288374,134.4397819,137.3657068,139.1917139,135.5503604,134.9153132,139.9838779,140.6765012,142.8759403,144.1251569,149.6647075,142.389057,145.7343814,149.2350133,151.5623416,149.0110799,145.1755842,152.0438276,141.6622017,144.2248682,153.2030352,150.1545711
2100,86.79587774,133.8791861,172.7610657,223.0501139,268.5581351,252.8272956,259.9527217,269.8581372,278.9053293,301.7436531,275.5427693,297.4274858,304.8987355,275.5688358,323.9338215,339.1553754,339.1633432,303.131613,317.1597388,357.0251144,298.6670601,304.2086424,340.412714,352.7164326,321.6433279,351.5646725,315.1718872,361.373541,361.4205507,352.1077753,330.3549117,387.3421188,347.2695352,361.0993208,359.1940414,413.6206313,383.1821652,414.7138458,434.152943,404.4992441,423.5606444,378.0129916,381.226361,410.6143584,407.0662627,441.9454151,461.3834856,388.2368262
